-- phpMyAdmin SQL Dump
-- version 5.2.1
-- https://www.phpmyadmin.net/
--
-- Host: 127.0.0.1
-- Generation Time: Oct 29, 2024 at 08:00 AM
-- Server version: 10.4.32-MariaDB
-- PHP Version: 8.2.12

SET SQL_MODE = "NO_AUTO_VALUE_ON_ZERO";
START TRANSACTION;
SET time_zone = "+00:00";


/*!40101 SET @OLD_CHARACTER_SET_CLIENT=@@CHARACTER_SET_CLIENT */;
/*!40101 SET @OLD_CHARACTER_SET_RESULTS=@@CHARACTER_SET_RESULTS */;
/*!40101 SET @OLD_COLLATION_CONNECTION=@@COLLATION_CONNECTION */;
/*!40101 SET NAMES utf8mb4 */;

--
-- Database: `crud`
--
CREATE DATABASE IF NOT EXISTS `crud` DEFAULT CHARACTER SET utf8mb4 COLLATE utf8mb4_general_ci;
USE `crud`;

-- --------------------------------------------------------

--
-- Table structure for table `cache`
--

CREATE TABLE `cache` (
  `key` varchar(255) NOT NULL,
  `value` mediumtext NOT NULL,
  `expiration` int(11) NOT NULL
) ENGINE=InnoDB DEFAULT CHARSET=utf8mb4 COLLATE=utf8mb4_unicode_ci;

-- --------------------------------------------------------

--
-- Table structure for table `cache_locks`
--

CREATE TABLE `cache_locks` (
  `key` varchar(255) NOT NULL,
  `owner` varchar(255) NOT NULL,
  `expiration` int(11) NOT NULL
) ENGINE=InnoDB DEFAULT CHARSET=utf8mb4 COLLATE=utf8mb4_unicode_ci;

-- --------------------------------------------------------

--
-- Table structure for table `failed_jobs`
--

CREATE TABLE `failed_jobs` (
  `id` bigint(20) UNSIGNED NOT NULL,
  `uuid` varchar(255) NOT NULL,
  `connection` text NOT NULL,
  `queue` text NOT NULL,
  `payload` longtext NOT NULL,
  `exception` longtext NOT NULL,
  `failed_at` timestamp NOT NULL DEFAULT current_timestamp()
) ENGINE=InnoDB DEFAULT CHARSET=utf8mb4 COLLATE=utf8mb4_unicode_ci;

-- --------------------------------------------------------

--
-- Table structure for table `jobs`
--

CREATE TABLE `jobs` (
  `id` bigint(20) UNSIGNED NOT NULL,
  `queue` varchar(255) NOT NULL,
  `payload` longtext NOT NULL,
  `attempts` tinyint(3) UNSIGNED NOT NULL,
  `reserved_at` int(10) UNSIGNED DEFAULT NULL,
  `available_at` int(10) UNSIGNED NOT NULL,
  `created_at` int(10) UNSIGNED NOT NULL
) ENGINE=InnoDB DEFAULT CHARSET=utf8mb4 COLLATE=utf8mb4_unicode_ci;

-- --------------------------------------------------------

--
-- Table structure for table `job_batches`
--

CREATE TABLE `job_batches` (
  `id` varchar(255) NOT NULL,
  `name` varchar(255) NOT NULL,
  `total_jobs` int(11) NOT NULL,
  `pending_jobs` int(11) NOT NULL,
  `failed_jobs` int(11) NOT NULL,
  `failed_job_ids` longtext NOT NULL,
  `options` mediumtext DEFAULT NULL,
  `cancelled_at` int(11) DEFAULT NULL,
  `created_at` int(11) NOT NULL,
  `finished_at` int(11) DEFAULT NULL
) ENGINE=InnoDB DEFAULT CHARSET=utf8mb4 COLLATE=utf8mb4_unicode_ci;

-- --------------------------------------------------------

--
-- Table structure for table `migrations`
--

CREATE TABLE `migrations` (
  `id` int(10) UNSIGNED NOT NULL,
  `migration` varchar(255) NOT NULL,
  `batch` int(11) NOT NULL
) ENGINE=InnoDB DEFAULT CHARSET=utf8mb4 COLLATE=utf8mb4_unicode_ci;

--
-- Dumping data for table `migrations`
--

INSERT INTO `migrations` (`id`, `migration`, `batch`) VALUES
(1, '0001_01_01_000000_create_users_table', 1),
(2, '0001_01_01_000001_create_cache_table', 1),
(3, '0001_01_01_000002_create_jobs_table', 1),
(4, '2024_10_11_175400_create_tasks_table', 2);

-- --------------------------------------------------------

--
-- Table structure for table `password_reset_tokens`
--

CREATE TABLE `password_reset_tokens` (
  `email` varchar(255) NOT NULL,
  `token` varchar(255) NOT NULL,
  `created_at` timestamp NULL DEFAULT NULL
) ENGINE=InnoDB DEFAULT CHARSET=utf8mb4 COLLATE=utf8mb4_unicode_ci;

-- --------------------------------------------------------

--
-- Table structure for table `sessions`
--

CREATE TABLE `sessions` (
  `id` varchar(255) NOT NULL,
  `user_id` bigint(20) UNSIGNED DEFAULT NULL,
  `ip_address` varchar(45) DEFAULT NULL,
  `user_agent` text DEFAULT NULL,
  `payload` longtext NOT NULL,
  `last_activity` int(11) NOT NULL
) ENGINE=InnoDB DEFAULT CHARSET=utf8mb4 COLLATE=utf8mb4_unicode_ci;

--
-- Dumping data for table `sessions`
--

INSERT INTO `sessions` (`id`, `user_id`, `ip_address`, `user_agent`, `payload`, `last_activity`) VALUES
('FvMBxsnlMF7iiZZntX41zn4fnoTMFGimnKnZx1KU', NULL, '127.0.0.1', 'Mozilla/5.0 (Windows NT 10.0; Win64; x64) AppleWebKit/537.36 (KHTML, like Gecko) Chrome/129.0.0.0 Safari/537.36 Edg/129.0.0.0', 'YTozOntzOjY6Il90b2tlbiI7czo0MDoiRDB5emJHUlBmWUZCdXNpS2R6ME5MdDFIMXF6OU1Hb0xaNUl5QzFvcSI7czo5OiJfcHJldmlvdXMiO2E6MTp7czozOiJ1cmwiO3M6MjE6Imh0dHA6Ly8xMjcuMC4wLjE6ODAwMCI7fXM6NjoiX2ZsYXNoIjthOjI6e3M6Mzoib2xkIjthOjA6e31zOjM6Im5ldyI7YTowOnt9fX0=', 1728656898),
('kenl3pPXHWUKDhVDl9aBuOAt436rr882RGB2Lu5r', NULL, '127.0.0.1', 'Mozilla/5.0 (Windows NT 10.0; Win64; x64) AppleWebKit/537.36 (KHTML, like Gecko) Chrome/129.0.0.0 Safari/537.36 Edg/129.0.0.0', 'YTozOntzOjY6Il90b2tlbiI7czo0MDoidTg0VlRGMVV4Y2xJQ2tSRTdFRUJ6V0JsS1lKUEVweVk2bDFLS3BpSiI7czo5OiJfcHJldmlvdXMiO2E6MTp7czozOiJ1cmwiO3M6Mjc6Imh0dHA6Ly9sb2NhbGhvc3Q6ODAwMC90YXNrcyI7fXM6NjoiX2ZsYXNoIjthOjI6e3M6Mzoib2xkIjthOjA6e31zOjM6Im5ldyI7YTowOnt9fX0=', 1728670132),
('mzciBVOMwqdQNYJtJhEdpTh4gsQRwVWL9pxcE42P', NULL, '127.0.0.1', 'Mozilla/5.0 (Windows NT 10.0; Win64; x64) AppleWebKit/537.36 (KHTML, like Gecko) Chrome/129.0.0.0 Safari/537.36 Edg/129.0.0.0', 'YTozOntzOjY6Il90b2tlbiI7czo0MDoiODU2TWxPUnNXT29ESUZnbjJHYWRwMktVb1YzYTh0RHVncUlRVGU3bCI7czo5OiJfcHJldmlvdXMiO2E6MTp7czozOiJ1cmwiO3M6Mjc6Imh0dHA6Ly8xMjcuMC4wLjE6ODAwMC90YXNrcyI7fXM6NjoiX2ZsYXNoIjthOjI6e3M6Mzoib2xkIjthOjA6e31zOjM6Im5ldyI7YTowOnt9fX0=', 1728670036),
('VWMbWqbuAiuLFG6Dqhdb2WgQy3jMnglMG16qWJCv', NULL, '127.0.0.1', 'Mozilla/5.0 (Windows NT 10.0; Win64; x64) AppleWebKit/537.36 (KHTML, like Gecko) Chrome/129.0.0.0 Safari/537.36 Edg/129.0.0.0', 'YTozOntzOjY6Il90b2tlbiI7czo0MDoieFZKUFk1Y0s3WFh6VVQ3cHBVUnVLa3d6MGR2b25vVXVQd2o5TUpLYyI7czo5OiJfcHJldmlvdXMiO2E6MTp7czozOiJ1cmwiO3M6Mjc6Imh0dHA6Ly8xMjcuMC4wLjE6ODAwMC91c2VycyI7fXM6NjoiX2ZsYXNoIjthOjI6e3M6Mzoib2xkIjthOjA6e31zOjM6Im5ldyI7YTowOnt9fX0=', 1728552861),
('zuUPf6gcFCGLVlxSOXAHCP5S7w8064hsfHaMVtJX', NULL, '127.0.0.1', 'Mozilla/5.0 (Windows NT 10.0; Win64; x64) AppleWebKit/537.36 (KHTML, like Gecko) Chrome/129.0.0.0 Safari/537.36 Edg/129.0.0.0', 'YTozOntzOjY6Il90b2tlbiI7czo0MDoiQ1V5UmJWdjhGcDV3Zk9RalRSYXp3dlBjd3dPRlVaRlY3dWRPeDhqaiI7czo5OiJfcHJldmlvdXMiO2E6MTp7czozOiJ1cmwiO3M6MzE6Imh0dHA6Ly8xMjcuMC4wLjE6ODAwMC9hZGQvdXNlcnMiO31zOjY6Il9mbGFzaCI7YToyOntzOjM6Im9sZCI7YTowOnt9czozOiJuZXciO2E6MDp7fX19', 1728542610);

-- --------------------------------------------------------

--
-- Table structure for table `tasks`
--

CREATE TABLE `tasks` (
  `id` bigint(20) UNSIGNED NOT NULL,
  `created_at` timestamp NULL DEFAULT NULL,
  `updated_at` timestamp NULL DEFAULT NULL
) ENGINE=InnoDB DEFAULT CHARSET=utf8mb4 COLLATE=utf8mb4_unicode_ci;

-- --------------------------------------------------------

--
-- Table structure for table `users`
--

CREATE TABLE `users` (
  `id` bigint(20) UNSIGNED NOT NULL,
  `name` varchar(255) NOT NULL,
  `email` varchar(255) NOT NULL,
  `phone_number` varchar(255) DEFAULT NULL,
  `email_verified_at` timestamp NULL DEFAULT NULL,
  `password` varchar(255) NOT NULL,
  `remember_token` varchar(100) DEFAULT NULL,
  `created_at` timestamp NULL DEFAULT NULL,
  `updated_at` timestamp NULL DEFAULT NULL
) ENGINE=InnoDB DEFAULT CHARSET=utf8mb4 COLLATE=utf8mb4_unicode_ci;

--
-- Indexes for dumped tables
--

--
-- Indexes for table `cache`
--
ALTER TABLE `cache`
  ADD PRIMARY KEY (`key`);

--
-- Indexes for table `cache_locks`
--
ALTER TABLE `cache_locks`
  ADD PRIMARY KEY (`key`);

--
-- Indexes for table `failed_jobs`
--
ALTER TABLE `failed_jobs`
  ADD PRIMARY KEY (`id`),
  ADD UNIQUE KEY `failed_jobs_uuid_unique` (`uuid`);

--
-- Indexes for table `jobs`
--
ALTER TABLE `jobs`
  ADD PRIMARY KEY (`id`),
  ADD KEY `jobs_queue_index` (`queue`);

--
-- Indexes for table `job_batches`
--
ALTER TABLE `job_batches`
  ADD PRIMARY KEY (`id`);

--
-- Indexes for table `migrations`
--
ALTER TABLE `migrations`
  ADD PRIMARY KEY (`id`);

--
-- Indexes for table `password_reset_tokens`
--
ALTER TABLE `password_reset_tokens`
  ADD PRIMARY KEY (`email`);

--
-- Indexes for table `sessions`
--
ALTER TABLE `sessions`
  ADD PRIMARY KEY (`id`),
  ADD KEY `sessions_user_id_index` (`user_id`),
  ADD KEY `sessions_last_activity_index` (`last_activity`);

--
-- Indexes for table `tasks`
--
ALTER TABLE `tasks`
  ADD PRIMARY KEY (`id`);

--
-- Indexes for table `users`
--
ALTER TABLE `users`
  ADD PRIMARY KEY (`id`),
  ADD UNIQUE KEY `users_email_unique` (`email`);

--
-- AUTO_INCREMENT for dumped tables
--

--
-- AUTO_INCREMENT for table `failed_jobs`
--
ALTER TABLE `failed_jobs`
  MODIFY `id` bigint(20) UNSIGNED NOT NULL AUTO_INCREMENT;

--
-- AUTO_INCREMENT for table `jobs`
--
ALTER TABLE `jobs`
  MODIFY `id` bigint(20) UNSIGNED NOT NULL AUTO_INCREMENT;

--
-- AUTO_INCREMENT for table `migrations`
--
ALTER TABLE `migrations`
  MODIFY `id` int(10) UNSIGNED NOT NULL AUTO_INCREMENT, AUTO_INCREMENT=5;

--
-- AUTO_INCREMENT for table `tasks`
--
ALTER TABLE `tasks`
  MODIFY `id` bigint(20) UNSIGNED NOT NULL AUTO_INCREMENT;

--
-- AUTO_INCREMENT for table `users`
--
ALTER TABLE `users`
  MODIFY `id` bigint(20) UNSIGNED NOT NULL AUTO_INCREMENT;
--
-- Database: `db`
--
CREATE DATABASE IF NOT EXISTS `db` DEFAULT CHARACTER SET utf8mb4 COLLATE utf8mb4_general_ci;
USE `db`;

-- --------------------------------------------------------

--
-- Table structure for table `about`
--

CREATE TABLE `about` (
  `id` int(11) NOT NULL,
  `story_detail` text NOT NULL,
  `story_image` text NOT NULL,
  `mission_detail` text NOT NULL,
  `mission_image` text NOT NULL,
  `best_thought` text NOT NULL,
  `thought_by` text NOT NULL
) ENGINE=InnoDB DEFAULT CHARSET=utf8mb4 COLLATE=utf8mb4_general_ci;

--
-- Dumping data for table `about`
--

INSERT INTO `about` (`id`, `story_detail`, `story_image`, `mission_detail`, `mission_image`, `best_thought`, `thought_by`) VALUES
(1, '\"Ecommerce\" or \"electronic commerce\" is the trading of goods and services on the internet. It is your bustling city center or brick-and-mortar shop translated into zeroes and ones on the internet superhighway. An estimated 2.14 billion people worldwide buy goods and services online, and the number of Prime members shopping Amazon stores globally now tops 200 million.\r\n\r\nEcommerce is one way people buy and sell things in retail. Some companies sell products online only, while other sellers use ecommerce as a part of a broader strategy that includes physical stores and other distribution channels. Either way, ecommerce allows startups, small businesses, and large companies to sell products at scale and reach customers across the world.', 'about-01.jpg', 'An eCommerce company is an online business that specializes in selling goods or services over the internet. It is a type of digital commerce that involves the exchange of goods and services between customers and businesses through the use of the internet. eCommerce companies provide a convenient platform for customers to purchase products or services from the comfort of their homes. The activities of eCommerce companies typically include product listing, shopping cart software, payment processing, and customer support. By using the latest technology, eCommerce companies are able to provide customers with a secure and efficient way to purchase items online. These companies may also offer other features such as product reviews, order tracking, promotional sales, and more.', 'about-02.jpg', 'Let us strive for the impossible. The great achievements throughout history have been the conquest of what seemed the impossible.', 'Charlie Chaplin');

-- --------------------------------------------------------

--
-- Table structure for table `blog`
--

CREATE TABLE `blog` (
  `id` int(11) NOT NULL,
  `title` text NOT NULL,
  `short_detail` text NOT NULL,
  `full_detail` text NOT NULL,
  `tag` text NOT NULL,
  `image` text NOT NULL,
  `day` text NOT NULL,
  `month` text NOT NULL,
  `year` text NOT NULL
) ENGINE=InnoDB DEFAULT CHARSET=utf8mb4 COLLATE=utf8mb4_general_ci;

--
-- Dumping data for table `blog`
--

INSERT INTO `blog` (`id`, `title`, `short_detail`, `full_detail`, `tag`, `image`, `day`, `month`, `year`) VALUES
(1, 'Dresses in the Winter', 'dolor sit amet, consectetur adipiscing elit. Nunc sit amet est vel orci luctus sollicitudin. Duis eleifend vestibulum justo, varius semper lacus condimentum dictum. Donec pulvinar a magna ut malesuada. In posuere felis diam, vel sodales m', 'Lorem ipsum dolor sit amet, consectetur adipiscing elit. Nunc sit amet est vel orci luctus sollicitudin. Duis eleifend vestibulum justo, varius semper lacus condimentum dictum. Donec pulvinar a magna ut malesuada. In posuere felis diam, vel sodales metus accumsan in. Lorem ipsum dolor sit amet, consectetur adipiscing elit. Nunc sit amet est vel orci luctus sollicitudin. Duis eleifend vestibulum justo, varius semper lacus condimentum dictum. Donec pulvinar a magna ut malesuada. In posuere felis diam, vel sodales metus accumsan in. Lorem ipsum dolor sit amet, consectetur adipiscing elit. Nunc sit amet est vel orci luctus sollicitudin. Duis eleifend vestibulum justo, varius semper lacus condimentum dictum. Donec pulvinar a magna ut malesuada. In posuere felis diam, vel sodales metus accumsan in. Lorem ipsum dolor sit amet, consectetur adipiscing elit. Nunc sit amet est vel orci luctus sollicitudin. Duis eleifend vestibulum justo, varius semper lacus condimentum dictum. Donec pulvinar a magna ut malesuada. In posuere felis diam, vel sodales metus accumsan in. Lorem ipsum dolor sit amet, consectetur adipiscing elit. Nunc sit amet est vel orci luctus sollicitudin. Duis eleifend vestibulum justo, varius semper lacus con', 'Best-seller, Fashion, Featured', '118653blog-01.jpg', '14', 'Sep', '2023'),
(2, '8 Inspiring Ways to Wear Dresses in the Winter', 'Lorem ipsum dolor sit amet, consectetur adipiscing elit. Nunc sit amet est vel orci luctus sollicitudin. Duis eleifend vestibulum justo, varius semper lacus condimentum dictum. Donec pulvinar a magna ut malesuada. In posuere felis diam, vel sodales m', 'Lorem ipsum dolor sit amet, consectetur adipiscing elit. Nunc sit amet est vel orci luctus sollicitudin. Duis eleifend vestibulum justo, varius semper lacus condimentum dictum. Donec pulvinar a magna ut malesuada. In posuere felis diam, vel sodales metus accumsan in. Lorem ipsum dolor sit amet, consectetur adipiscing elit. Nunc sit amet est vel orci luctus sollicitudin. Duis eleifend vestibulum justo, varius semper lacus condimentum dictum. Donec pulvinar a magna ut malesuada. In posuere felis diam, vel sodales metus accumsan in. Lorem ipsum dolor sit amet, consectetur adipiscing elit. Nunc sit amet est vel orci luctus sollicitudin. Duis eleifend vestibulum justo, varius semper lacus condimentum dictum. Donec pulvinar a magna ut malesuada. In posuere felis diam, vel sodales metus accumsan in. Lorem ipsum dolor sit amet, consectetur adipiscing elit. Nunc sit amet est vel orci luctus sollicitudin. Duis eleifend vestibulum justo, varius semper lacus condimentum dictum. Donec pulvinar a magna ut malesuada. In posuere felis diam, vel sodales metus accumsan in. Lorem ipsum dolor sit amet, consectetur adipiscing elit. Nunc sit amet est vel orci luctus sollicitudin. Duis eleifend vestibulum justo, varius semper lacus condimentum dictum. Donec pulvinar a magna ut malesuada. In posuere felis diam, vel sodales metus accumsan in. Lorem ipsum dolor sit amet, consectetur adipiscing elit. Nunc sit amet est vel orci luctus sollicitudin. Duis eleifend vestibulum justo, varius semper lacus con', 'Best-seller, Featured', '424011blog-02.jpg', '14', 'Sep', '2023'),
(3, '8 Ways to Wear Dresses in the Winter', 'Lorem ipsum dolor sit amet, consectetur adipiscing elit. Nunc sit amet est vel orci luctus sollicitudin. Duis eleifend vestibulum justo, varius semper lacus condimentum dictum. Donec pulvinar a magna ut malesuada. In posuere felis diam, vel sodales m', 'Lorem ipsum dolor sit amet, consectetur adipiscing elit. Nunc sit amet est vel orci luctus sollicitudin. Duis eleifend vestibulum justo, varius semper lacus condimentum dictum. Donec pulvinar a magna ut malesuada. In posuere felis diam, vel sodales metus accumsan in. Lorem ipsum dolor sit amet, consectetur adipiscing elit. Nunc sit amet est vel orci luctus sollicitudin. Duis eleifend vestibulum justo, varius semper lacus condimentum dictum. Donec pulvinar a magna ut malesuada. In posuere felis diam, vel sodales metus accumsan in. Lorem ipsum dolor sit amet, consectetur adipiscing elit. Nunc sit amet est vel orci luctus sollicitudin. Duis eleifend vestibulum justo, varius semper lacus condimentum dictum. Donec pulvinar a magna ut malesuada. In posuere felis diam, vel sodales metus accumsan in. Lorem ipsum dolor sit amet, consectetur adipiscing elit. Nunc sit amet est vel orci luctus sollicitudin. Duis eleifend vestibulum justo, varius semper lacus condimentum dictum. Donec pulvinar a magna ut malesuada. In posuere felis diam, vel sodales metus accumsan in. Lorem ipsum dolor sit amet, consectetur adipiscing elit. Nunc sit amet est vel orci luctus sollicitudin. Duis eleifend vestibulum justo, varius semper lacus condimentum dictum. Donec pulvinar a magna ut malesuada. In posuere felis diam, vel sodales metus accumsan in. Lorem ipsum dolor sit amet, consectetur adipiscing elit. Nunc sit amet est vel orci luctus sollicitudin. Duis eleifend vestibulum justo, varius semper lacus con', 'Best-seller, Featured', '420807blog-03.jpg', '14', 'Sep', '2023'),
(4, 'Inspiring Ways to Wear Dresses in the Winter', 'Lorem ipsum dolor sit amet, consectetur adipiscing elit. Nunc sit amet est vel orci luctus ', 'Lorem ipsum dolor sit amet, consectetur adipiscing elit. Nunc sit amet est vel orci luctus sollic in. Duis eleifend vestibulum justo, varius semper lacus condimentum dictum. Donec pulvinar a magna ut malesuada. In posuere felis diam, vel sodales metus accumsan in. Lorem ipsum dolor sit amet, consectetur adipiscing elit. Nunc sit amet est vel orci luctus sollicitudin. Duis eleifend vestibulum justo, varius semper lacus condimentum dictum. Donec pulvinar a magna ut malesuada. In posuere felis diam, vel sodales metus accumsan in. Lorem ipsum dolor sit amet, consectetur adipiscing elit. Nunc sit amet est vel orci luctus sollicitudin. Duis eleifend vestibulum justo, varius semper lacus condimentum dictum. Donec pulvinar a magna ut malesuada. In posuere felis diam, vel sodales metus accumsan in. Lorem ipsum dolor sit amet, consectetur adipiscing elit. Nunc sit amet est vel orci luctus sollicitudin. Duis eleifend vestibulum justo, varius semper lacus condimentum dictum. Donec pulvinar a magna ut malesuada. In posuere felis diam, vel sodales metus accumsan in. Lorem ipsum dolor sit amet, consectetur adipiscing elit. Nunc sit amet est vel orci luctus sollicitudin. Duis eleifend vestibulum justo, varius semper lacus con', 'Best-seller, Featured', '541925gallery-02.jpg', '14', 'Sep', '2023'),
(5, '8 Inspiring Ways to Wear Dresses in the Winter', 'Lorem ipsum dolor sit amet, consectetur adipiscing elit. Nunc sit amet est vel orci luctus sollicitudin. Duis eleifend vestibulum justo, varius semper lacus condimentum dictum. Donec pulvinar a magna ut malesuada. In posuere felis diam, vel sodales m', 'Lorem ipsum dolor sit amet, consectetur adipiscing elit. Nunc sit amet est vel orci luctus sollicitudin. Duis eleifend vestibulum justo, varius semper lacus condimentum dictum. Donec pulvinar a magna ut malesuada. In posuere felis diam, vel sodales metus accumsan in. Lorem ipsum dolor sit amet, consectetur adipiscing elit. Nunc sit amet est vel orci luctus sollicitudin. Duis eleifend vestibulum justo, varius semper lacus condimentum dictum. Donec pulvinar a magna ut malesuada. In posuere felis diam, vel sodales metus accumsan in. Lorem ipsum dolor sit amet, consectetur adipiscing elit. Nunc sit amet est vel orci luctus sollicitudin. Duis eleifend vestibulum justo, varius semper lacus condimentum dictum. Donec pulvinar a magna ut malesuada. In posuere felis diam, vel sodales metus accumsan in. Lorem ipsum dolor sit amet, consectetur adipiscing elit. Nunc sit amet est vel orci luctus sollicitudin. Duis eleifend vestibulum justo, varius semper lacus condimentum dictum. Donec pulvinar a magna ut malesuada. In posuere felis diam, vel sodales metus accumsan in. Lorem ipsum dolor sit amet, consectetur adipiscing elit. Nunc sit amet est vel orci luctus sollicitudin. Duis eleifend vestibulum justo, varius semper lacus condimentum dictum. Donec pulvinar a magna ut malesuada. In posuere felis diam, vel sodales metus accumsan in. Lorem ipsum dolor sit amet, consectetur adipiscing elit. Nunc sit amet est vel orci luctus sollicitudin. Duis eleifend vestibulum justo, varius semper lacus con', 'Best-seller, Featured', '949494about-02.jpg', '14', 'Sep', '2023'),
(6, 'Blog 6', 'Lorem ipsum dolor sit amet, consectetur adipiscing elit. Nunc sit amet est vel orci luctus sollicitudin. Duis eleifend vestibulum justo, varius semper lacus condimentum dictum. Donec pulvinar a magna ut malesuada. In posuere felis diam, vel sodales m', 'Lorem ipsum dolor sit amet, consectetur adipiscing elit. Nunc sit amet est vel orci luctus sollicitudin. Duis eleifend vestibulum justo, varius semper lacus condimentum dictum. Donec pulvinar a magna ut malesuada. In posuere felis diam, vel sodales metus accumsan in. Lorem ipsum dolor sit amet, consectetur adipiscing elit. Nunc sit amet est vel orci luctus sollicitudin. Duis eleifend vestibulum justo, varius semper lacus condimentum dictum. Donec pulvinar a magna ut malesuada. Lorem ipsum dolor sit amet, consectetur adipiscing elit. Nunc sit amet est vel orci luctus sollicitudin. Duis eleifend vestibulum justo, varius semper lacus condimentum dictum. Donec pulvinar a magna ut malesuada. In posuere felis diam, vel sodales metus accumsan in. Lorem ipsum dolor sit amet, consectetur adipiscing elit. Nunc sit amet est vel orci luctus sollicitudin. Duis eleifend vestibulum justo, varius semper lacus condimentum dictum. Donec pulvinar a magna ut malesuada. ', 'Best-seller, Fashion, Streetstyle, Lifestyle, Featured, Sale, Top-rate', '601243gallery-03.jpg', '22', 'Sep', '2023');

-- --------------------------------------------------------

--
-- Table structure for table `blog_comment`
--

CREATE TABLE `blog_comment` (
  `id` int(11) NOT NULL,
  `userid` int(11) NOT NULL,
  `name` text NOT NULL,
  `email` text NOT NULL,
  `comment` text NOT NULL,
  `website` text NOT NULL
) ENGINE=InnoDB DEFAULT CHARSET=utf8mb4 COLLATE=utf8mb4_general_ci;

--
-- Dumping data for table `blog_comment`
--

INSERT INTO `blog_comment` (`id`, `userid`, `name`, `email`, `comment`, `website`) VALUES
(10, 1, 'asfsadf', 'admin@gmail.com', 'asdsdf', ''),
(12, 1, 'asdfasf', 'asfdsaf', 'sdfasfd', '');

-- --------------------------------------------------------

--
-- Table structure for table `cart`
--

CREATE TABLE `cart` (
  `id` int(11) NOT NULL,
  `product_id` text NOT NULL,
  `user_id` text NOT NULL,
  `name` text NOT NULL,
  `price` int(11) NOT NULL,
  `num_product` int(11) NOT NULL,
  `image` text NOT NULL,
  `size` text NOT NULL,
  `color` text NOT NULL
) ENGINE=InnoDB DEFAULT CHARSET=utf8mb4 COLLATE=utf8mb4_general_ci;

-- --------------------------------------------------------

--
-- Table structure for table `contact_us`
--

CREATE TABLE `contact_us` (
  `id` int(11) NOT NULL,
  `name` text NOT NULL,
  `email` text NOT NULL,
  `msg` text NOT NULL,
  `time` text NOT NULL,
  `status` int(11) NOT NULL DEFAULT 1
) ENGINE=InnoDB DEFAULT CHARSET=utf8mb4 COLLATE=utf8mb4_general_ci;

--
-- Dumping data for table `contact_us`
--

INSERT INTO `contact_us` (`id`, `name`, `email`, `msg`, `time`, `status`) VALUES
(0, 'pratik', 'admin@gmail.com', 'asasdasf', '2023-09-18 10:58:22', 0),
(0, 'mike', 'mike@gmail.com', 'asfasfasf', '2023-09-21 10:48:52', 0);

-- --------------------------------------------------------

--
-- Table structure for table `login`
--

CREATE TABLE `login` (
  `id` int(11) NOT NULL,
  `name` text NOT NULL,
  `email` text NOT NULL,
  `password` text NOT NULL
) ENGINE=InnoDB DEFAULT CHARSET=utf8mb4 COLLATE=utf8mb4_general_ci;

--
-- Dumping data for table `login`
--

INSERT INTO `login` (`id`, `name`, `email`, `password`) VALUES
(1, 'Admin', 'admin@gmail.com', 'admin');

-- --------------------------------------------------------

--
-- Table structure for table `order`
--

CREATE TABLE `order` (
  `id` int(11) NOT NULL,
  `product_id` text NOT NULL,
  `user_id` text NOT NULL,
  `name` text NOT NULL,
  `price` int(11) NOT NULL,
  `num_product` int(11) NOT NULL,
  `image` text NOT NULL,
  `size` text NOT NULL,
  `color` text NOT NULL,
  `address` text NOT NULL,
  `city` text NOT NULL,
  `pincode` text NOT NULL,
  `cust_name` text NOT NULL,
  `mobile` text NOT NULL,
  `email` text NOT NULL,
  `date_time` text NOT NULL,
  `status` text NOT NULL DEFAULT 'placed',
  `payment` text NOT NULL
) ENGINE=InnoDB DEFAULT CHARSET=utf8mb4 COLLATE=utf8mb4_general_ci;

--
-- Dumping data for table `order`
--

INSERT INTO `order` (`id`, `product_id`, `user_id`, `name`, `price`, `num_product`, `image`, `size`, `color`, `address`, `city`, `pincode`, `cust_name`, `mobile`, `email`, `date_time`, `status`, `payment`) VALUES
(31, '3', '6', 'Lightweight Jacket', 75, 2, '635847blog-03.jpg', 'S - Small', 'Black', 'sdfasf', 'asfasdf', '123456', 'Pratik R G', '9662624947', 'admin@gmail.com', '2023-09-21 16:16:15', 'Cancelled-By-Client', 'UPI'),
(32, '3', '6', 'Lightweight Jacket', 75, 3, '635847blog-03.jpg', 'M - Medium', 'Black', 'sdfasf', 'asfasdf', '123456', 'Pratik R G', '9662624947', 'admin@gmail.com', '2023-09-21 16:16:15', 'Cancelled-By-Supplier', 'UPI'),
(33, '2', '6', 'Black Pant', 26, 2, '278889product-detail-01.jpg', 'S - Small', 'Black', 'sdfasf', 'asfasdf', '123456', 'Pratik R G', '9662624947', 'admin@gmail.com', '2023-09-21 16:16:15', 'Cancelled-By-Client', 'UPI'),
(34, '3', '6', 'Lightweight Jacket', 75, 2, '635847blog-03.jpg', 'S - Small', 'Black', 'sdfasf', 'asfasdf', '123456', 'Pratik R G', '9662624947', 'admin@gmail.com', '2023-09-21 16:16:15', 'Cancelled-By-Supplier', 'UPI'),
(35, '2', '6', 'Black Pant', 26, 2, '278889product-detail-01.jpg', 'S - Small', 'Blue', 'ghjgj', 'fgjgj', '456131', 'Pratik R G', '9662624947', 'admin@gmail.com', '2023-09-21 16:19:30', 'Delivered', 'Cash on Delivery'),
(36, '4', '6', 'Lightweight Jacket', 67, 3, '398408product-06.jpg', 'M - Medium', 'Blue', 'ghjgj', 'fgjgj', '456131', 'Pratik R G', '9662624947', 'admin@gmail.com', '2023-09-21 16:19:30', 'Pending', 'Cash on Delivery'),
(37, '3', '6', 'Lightweight Jacket', 75, 2, '635847blog-03.jpg', 'S - Small', 'Black', 'gdgsdg', 'dfgsdg', '456413', 'Pratik R G', '9662624947', 'admin@gmail.com', '2023-09-21 16:28:26', 'Cancelled-By-Client', 'UPI'),
(38, '4', '6', 'Lightweight Jacket', 67, 2, '398408product-06.jpg', 'S - Small', 'Blue', 'ddfg', 'sdfgdg', '123456', 'Pratik R G', '9662624947', 'admin@gmail.com', '2023-09-21 16:31:30', 'Pending', 'Cash on Delivery'),
(39, '8', '6', 'Lightweight Jacket', 55, 2, '563751product-08.jpg', 'S - Small', 'Gray', 'ddfg', 'sdfgdg', '123456', 'Pratik R G', '9662624947', 'admin@gmail.com', '2023-09-21 16:31:30', 'Pending', 'Cash on Delivery'),
(41, '3', '6', 'Lightweight Jacket', 75, 2, '635847blog-03.jpg', 'M - Medium', 'Green', 'sfasf', 'asfasdf', '123456', 'Pratik R G', '9662624947', 'admin@gmail.com', '2023-09-21 16:32:14', 'Pending', 'Cash on Delivery'),
(42, '5', '6', 'Lightweight Jacket', 55, 2, '612847product-04.jpg', 'M - Medium', 'Green', 'sfasf', 'asfasdf', '123456', 'Pratik R G', '9662624947', 'admin@gmail.com', '2023-09-21 16:32:14', 'Cancelled-By-Client', 'Cash on Delivery'),
(44, '3', '6', 'Lightweight Jacket', 75, 2, '635847blog-03.jpg', 'S - Small', 'Black', 'sfsf', 'assadf', '123456', 'Pratik R G', '9662624947', 'admin@gmail.com', '2023-09-21 16:33:46', 'Pending', 'UPI'),
(45, '3', '6', 'Lightweight Jacket', 75, 2, '635847blog-03.jpg', 'S - Small', 'Black', 'sdfsdf', 'sdfasf', '456413', 'Pratik R G', '9662624947', 'admin@gmail.com', '2023-09-21 17:15:17', 'Cancelled-By-Client', 'Cash on Delivery'),
(46, '5', '6', 'Lightweight Jacket', 55, 6, '612847product-04.jpg', 'M - Medium', 'Gray', 'sdfsf', 'asfsaf', '566465', 'Pratik R G', '9662624947', 'admin@gmail.com', '2023-09-22 13:32:13', 'Pending', 'Cash on Delivery'),
(47, '5', '6', 'Lightweight Jacket', 55, 6, '612847product-04.jpg', ' L - Large', 'Black', 'sdfsf', 'asfsaf', '566465', 'Pratik R G', '9662624947', 'admin@gmail.com', '2023-09-22 13:32:13', 'Pending', 'Cash on Delivery'),
(48, '5', '6', 'Lightweight Jacket', 55, 3, '612847product-04.jpg', ' L - Large', ' Gray', 'sdfsf', 'asfsaf', '566465', 'Pratik R G', '9662624947', 'admin@gmail.com', '2023-09-22 13:32:13', 'Pending', 'Cash on Delivery'),
(49, '4', '6', 'Lightweight Jacket', 67, 2, '398408product-06.jpg', ' M - Medium', ' Blue', 'asfa', 'asf', '455555', 'Pratik R G', '9662624947', 'admin@gmail.com', '2023-09-22 13:33:45', 'Pending', 'EMI'),
(50, '2', '6', 'Black Pant', 26, 1, '278889product-detail-01.jpg', 'S - Small', 'Black', 'xyz', 'asfasdf', '111111', 'Pratik R G', '9662624947', 'admin@gmail.com', '2023-09-22 13:36:52', 'Pending', 'Cash on Delivery');

-- --------------------------------------------------------

--
-- Table structure for table `product`
--

CREATE TABLE `product` (
  `id` int(11) NOT NULL,
  `name` text NOT NULL,
  `price` text NOT NULL,
  `category` text NOT NULL,
  `tag` text NOT NULL,
  `type` text NOT NULL,
  `one_line_title` text NOT NULL,
  `size` text NOT NULL,
  `color` text NOT NULL,
  `description` text NOT NULL,
  `weight` text NOT NULL,
  `dimension` text NOT NULL,
  `material` text NOT NULL,
  `image1` text NOT NULL,
  `image2` text NOT NULL,
  `image3` text NOT NULL,
  `stock` text NOT NULL
) ENGINE=InnoDB DEFAULT CHARSET=utf8mb4 COLLATE=utf8mb4_general_ci;

--
-- Dumping data for table `product`
--

INSERT INTO `product` (`id`, `name`, `price`, `category`, `tag`, `type`, `one_line_title`, `size`, `color`, `description`, `weight`, `dimension`, `material`, `image1`, `image2`, `image3`, `stock`) VALUES
(2, 'Black Pant', '25.50', 'Men', 'Best-seller, Featured, Sale', 'Cotton-pent', 'Nulla eget sem vitae eros pharetra viverra. Nam vitae luctus ligula. Mauris consequat ornare feugiat', 'S - Small, M - Medium, L - Large, XL - Extra Large, XXL - Extra Extra Large', 'Black, Blue, Red, White', 'Aenean sit amet gravida nisi. Nam fermentum est felis, quis feugiat nunc fringilla sit amet. Ut in blandit ipsum. Quisque luctus dui at ante aliquet, in hendrerit lectus interdum. Morbi elementum sapien rhoncus pretium maximus. Nulla lectus enim, cursus et elementum sed, sodales vitae eros. Ut ex quam, porta consequat interdum in, faucibus eu velit. Quisque rhoncus ex ac libero varius molestie. Aenean tempor sit amet orci nec iaculis. Cras sit amet nulla libero. Curabitur dignissim, nunc nec lao', '10 kg', '10 x 100 cm', 'Cotton', '278889product-detail-01.jpg', '850528banner-05.jpg', '124164product-detail-03.jpg', 'In Stock'),
(3, 'Lightweight Jacket', '75', 'Women', 'Best-seller, Sale', 'T-shirt', 'asdasf', 'S - Small, M - Medium, L - Large, XXL - Extra Extra Large', 'Black, Gray, Green', 'asdasdf', '12 kg', '100 x 100 cm', 'Cotton', '635847blog-03.jpg', '452627slide-04.jpg', '867332blog-03.jpg', 'Out of Stock'),
(4, 'Lightweight Jacket', '66.50', 'Accessories', 'Featured, Sale', 'Watch', 'asasdf', 'S - Small, M - Medium, XL - Extra Large', 'Black, Blue, Gray, White', 'asdfasf', '10 kg', '110 x 110 cm', 'Cotton', '398408product-06.jpg', '300845item-cart-03.jpg', '16134banner-07.jpg', 'In Stock'),
(5, 'Lightweight Jacket', '55', 'Women', 'Best-seller, Sale', 'T-shirt', 'asdasf', 'S - Small, M - Medium, L - Large, XXL - Extra Extra Large', 'Black, Gray, Green', 'asdasdf', '12 kg', '100 x 100 cm', 'Cotton', '612847product-04.jpg', '452627slide-04.jpg', '867332blog-03.jpg', 'In Stock'),
(6, 'Lightweight Jacket', '65.50', 'Accessories', 'Featured, Sale', 'Watch', 'asasdf', 'S - Small, M - Medium, XL - Extra Large', 'Black, Blue, Gray, White', 'asdfasf', '10 kg', '110 x 110 cm', 'Cotton', '48783banner-08.jpg', '300845item-cart-03.jpg', '16134banner-07.jpg', 'In Stock'),
(7, 'Black Pant', '25.50', 'Men', 'Best-seller, Featured, Sale', 'Cotton-pent', 'Nulla eget sem vitae eros pharetra viverra. Nam vitae luctus ligula. Mauris consequat ornare feugiat', 'S - Small, M - Medium, L - Large, XL - Extra Large, XXL - Extra Extra Large', 'Black, Blue, Red, White', 'Aenean sit amet gravida nisi. Nam fermentum est felis, quis feugiat nunc fringilla sit amet. Ut in blandit ipsum. Quisque luctus dui at ante aliquet, in hendrerit lectus interdum. Morbi elementum sapien rhoncus pretium maximus. Nulla lectus enim, cursus et elementum sed, sodales vitae eros. Ut ex quam, porta consequat interdum in, faucibus eu velit. Quisque rhoncus ex ac libero varius molestie. Aenean tempor sit amet orci nec iaculis. Cras sit amet nulla libero. Curabitur dignissim, nunc nec lao', '10 kg', '10 x 100 cm', 'Cotton', '147851product-03.jpg', '850528banner-05.jpg', '124164product-detail-03.jpg', 'In Stock'),
(8, 'Lightweight Jacket', '55', 'Women', 'Best-seller, Sale', 'T-shirt', 'asdasf', 'S - Small, M - Medium, L - Large, XXL - Extra Extra Large', 'Black, Gray, Green', 'asdasdf', '12 kg', '100 x 100 cm', 'Cotton', '563751product-08.jpg', '452627slide-04.jpg', '867332blog-03.jpg', 'In Stock'),
(9, 'Lightweight Jacket', '65.50', 'Accessories', 'Featured, Sale', 'Watch', 'asasdf', 'S - Small, M - Medium, XL - Extra Large', 'Black, Blue, Gray, White', 'asdfasf', '10 kg', '110 x 110 cm', 'Cotton', '603434banner-06.jpg', '300845item-cart-03.jpg', '16134banner-07.jpg', 'In Stock'),
(10, 'Lightweight Jacket', '55', 'Women', 'Best-seller, Sale', 'T-shirt', 'asdasf', 'S - Small, M - Medium, L - Large, XXL - Extra Extra Large', 'Black, Gray, Green', 'asdasdf', '12 kg', '100 x 100 cm', 'Cotton', '886386product-10.jpg', '452627slide-04.jpg', '867332blog-03.jpg', 'In Stock'),
(11, 'Lightweight Jacket', '65.50', 'Accessories', 'Featured, Sale', 'Watch', 'asasdf', 'S - Small, M - Medium, XL - Extra Large', 'Black, Blue, Gray, White', 'asdfasf', '10 kg', '110 x 110 cm', 'Cotton', '189582banner-03.jpg', '300845item-cart-03.jpg', '16134banner-07.jpg', 'In Stock'),
(12, 'Black Pant', '25.50', 'Men', 'Best-seller, Featured, Sale', 'Cotton-pent', 'Nulla eget sem vitae eros pharetra viverra. Nam vitae luctus ligula. Mauris consequat ornare feugiat', 'S - Small, M - Medium, L - Large, XL - Extra Large, XXL - Extra Extra Large', 'Black, Blue, Red, White', 'Aenean sit amet gravida nisi. Nam fermentum est felis, quis feugiat nunc fringilla sit amet. Ut in blandit ipsum. Quisque luctus dui at ante aliquet, in hendrerit lectus interdum. Morbi elementum sapien rhoncus pretium maximus. Nulla lectus enim, cursus et elementum sed, sodales vitae eros. Ut ex quam, porta consequat interdum in, faucibus eu velit. Quisque rhoncus ex ac libero varius molestie. Aenean tempor sit amet orci nec iaculis. Cras sit amet nulla libero. Curabitur dignissim, nunc nec lao', '10 kg', '10 x 100 cm', 'Cotton', '969745product-11.jpg', '850528banner-05.jpg', '124164product-detail-03.jpg', 'In Stock'),
(13, 'Black Pant', '25.50', 'Men', 'Best-seller, Featured, Sale', 'Cotton-pent', 'Nulla eget sem vitae eros pharetra viverra. Nam vitae luctus ligula. Mauris consequat ornare feugiat', 'S - Small, M - Medium, L - Large, XL - Extra Large, XXL - Extra Extra Large', 'Black, Blue, Red, White', 'Aenean sit amet gravida nisi. Nam fermentum est felis, quis feugiat nunc fringilla sit amet. Ut in blandit ipsum. Quisque luctus dui at ante aliquet, in hendrerit lectus interdum. Morbi elementum sapien rhoncus pretium maximus. Nulla lectus enim, cursus et elementum sed, sodales vitae eros. Ut ex quam, porta consequat interdum in, faucibus eu velit. Quisque rhoncus ex ac libero varius molestie. Aenean tempor sit amet orci nec iaculis. Cras sit amet nulla libero. Curabitur dignissim, nunc nec lao', '10 kg', '10 x 100 cm', 'Cotton', '942043product-detail-02.jpg', '850528banner-05.jpg', '124164product-detail-03.jpg', 'In Stock'),
(14, 'Black Pant', '25.50', 'Men', 'Best-seller, Featured, Sale', 'Cotton-pent', 'Nulla eget sem vitae eros pharetra viverra. Nam vitae luctus ligula. Mauris consequat ornare feugiat', 'S - Small, M - Medium, L - Large, XL - Extra Large, XXL - Extra Extra Large', 'Black, Blue, Red, White', 'Aenean sit amet gravida nisi. Nam fermentum est felis, quis feugiat nunc fringilla sit amet. Ut in blandit ipsum. Quisque luctus dui at ante aliquet, in hendrerit lectus interdum. Morbi elementum sapien rhoncus pretium maximus. Nulla lectus enim, cursus et elementum sed, sodales vitae eros. Ut ex quam, porta consequat interdum in, faucibus eu velit. Quisque rhoncus ex ac libero varius molestie. Aenean tempor sit amet orci nec iaculis. Cras sit amet nulla libero. Curabitur dignissim, nunc nec lao', '10 kg', '10 x 100 cm', 'Cotton', '734411banner-02.jpg', '850528banner-05.jpg', '124164product-detail-03.jpg', 'In Stock'),
(15, 'Black Pant', '25.50', 'Men', 'Best-seller, Featured, Sale', 'Cotton-pent', 'Nulla eget sem vitae eros pharetra viverra. Nam vitae luctus ligula. Mauris consequat ornare feugiat', 'S - Small, M - Medium, L - Large, XL - Extra Large, XXL - Extra Extra Large', 'Black, Blue, Red, White', 'Aenean sit amet gravida nisi. Nam fermentum est felis, quis feugiat nunc fringilla sit amet. Ut in blandit ipsum. Quisque luctus dui at ante aliquet, in hendrerit lectus interdum. Morbi elementum sapien rhoncus pretium maximus. Nulla lectus enim, cursus et elementum sed, sodales vitae eros. Ut ex quam, porta consequat interdum in, faucibus eu velit. Quisque rhoncus ex ac libero varius molestie. Aenean tempor sit amet orci nec iaculis. Cras sit amet nulla libero. Curabitur dignissim, nunc nec lao', '10 kg', '10 x 100 cm', 'Cotton', '446456product-11.jpg', '850528banner-05.jpg', '124164product-detail-03.jpg', 'In Stock'),
(16, 'Black Pant', '25.50', 'Men', 'Best-seller, Featured, Sale', 'Cotton-pent', 'Nulla eget sem vitae eros pharetra viverra. Nam vitae luctus ligula. Mauris consequat ornare feugiat', 'S - Small, M - Medium, L - Large, XL - Extra Large, XXL - Extra Extra Large', 'Black, Blue, Red, White', 'Aenean sit amet gravida nisi. Nam fermentum est felis, quis feugiat nunc fringilla sit amet. Ut in blandit ipsum. Quisque luctus dui at ante aliquet, in hendrerit lectus interdum. Morbi elementum sapien rhoncus pretium maximus. Nulla lectus enim, cursus et elementum sed, sodales vitae eros. Ut ex quam, porta consequat interdum in, faucibus eu velit. Quisque rhoncus ex ac libero varius molestie. Aenean tempor sit amet orci nec iaculis. Cras sit amet nulla libero. Curabitur dignissim, nunc nec lao', '10 kg', '10 x 100 cm', 'Cotton', '278889product-detail-01.jpg', '850528banner-05.jpg', '124164product-detail-03.jpg', 'In Stock'),
(17, 'Black Pant', '25.50', 'Men', 'Best-seller, Featured, Sale', 'Cotton-pent', 'Nulla eget sem vitae eros pharetra viverra. Nam vitae luctus ligula. Mauris consequat ornare feugiat', 'S - Small, M - Medium, L - Large, XL - Extra Large, XXL - Extra Extra Large', 'Black, Blue, Red, White', 'Aenean sit amet gravida nisi. Nam fermentum est felis, quis feugiat nunc fringilla sit amet. Ut in blandit ipsum. Quisque luctus dui at ante aliquet, in hendrerit lectus interdum. Morbi elementum sapien rhoncus pretium maximus. Nulla lectus enim, cursus et elementum sed, sodales vitae eros. Ut ex quam, porta consequat interdum in, faucibus eu velit. Quisque rhoncus ex ac libero varius molestie. Aenean tempor sit amet orci nec iaculis. Cras sit amet nulla libero. Curabitur dignissim, nunc nec lao', '10 kg', '10 x 100 cm', 'Cotton', '403410product-03.jpg', '850528banner-05.jpg', '124164product-detail-03.jpg', 'In Stock'),
(18, 'Black Pant', '25.50', 'Men', 'Best-seller, Featured, Sale', 'Cotton-pent', 'Nulla eget sem vitae eros pharetra viverra. Nam vitae luctus ligula. Mauris consequat ornare feugiat', 'S - Small, M - Medium, L - Large, XL - Extra Large, XXL - Extra Extra Large', 'Black, Blue, Red, White', 'Aenean sit amet gravida nisi. Nam fermentum est felis, quis feugiat nunc fringilla sit amet. Ut in blandit ipsum. Quisque luctus dui at ante aliquet, in hendrerit lectus interdum. Morbi elementum sapien rhoncus pretium maximus. Nulla lectus enim, cursus et elementum sed, sodales vitae eros. Ut ex quam, porta consequat interdum in, faucibus eu velit. Quisque rhoncus ex ac libero varius molestie. Aenean tempor sit amet orci nec iaculis. Cras sit amet nulla libero. Curabitur dignissim, nunc nec lao', '10 kg', '10 x 100 cm', 'Cotton', '722564product-detail-02.jpg', '850528banner-05.jpg', '124164product-detail-03.jpg', 'In Stock'),
(19, 'Black Pant', '25.50', 'Men', 'Best-seller, Featured, Sale', 'Cotton-pent', 'Nulla eget sem vitae eros pharetra viverra. Nam vitae luctus ligula. Mauris consequat ornare feugiat', 'S - Small, M - Medium, L - Large, XL - Extra Large, XXL - Extra Extra Large', 'Black, Blue, Red, White', 'Aenean sit amet gravida nisi. Nam fermentum est felis, quis feugiat nunc fringilla sit amet. Ut in blandit ipsum. Quisque luctus dui at ante aliquet, in hendrerit lectus interdum. Morbi elementum sapien rhoncus pretium maximus. Nulla lectus enim, cursus et elementum sed, sodales vitae eros. Ut ex quam, porta consequat interdum in, faucibus eu velit. Quisque rhoncus ex ac libero varius molestie. Aenean tempor sit amet orci nec iaculis. Cras sit amet nulla libero. Curabitur dignissim, nunc nec lao', '10 kg', '10 x 100 cm', 'Cotton', '278889product-detail-01.jpg', '850528banner-05.jpg', '124164product-detail-03.jpg', 'In Stock'),
(20, 'Lightweight Jacket', '55', 'Women', 'Best-seller, Sale', 'T-shirt', 'asdasf', 'S - Small, M - Medium, L - Large, XXL - Extra Extra Large', 'Black, Gray, Green', 'asdasdf', '12 kg', '100 x 100 cm', 'Cotton', '729060product-01.jpg', '452627slide-04.jpg', '867332blog-03.jpg', 'In Stock'),
(21, 'Lightweight Jacket', '55', 'Women', 'Best-seller, Sale', 'T-shirt', 'asdasf', 'S - Small, M - Medium, L - Large, XXL - Extra Extra Large', 'Black, Gray, Green', 'asdasdf', '12 kg', '100 x 100 cm', 'Cotton', '378457slide-04.jpg', '452627slide-04.jpg', '867332blog-03.jpg', 'In Stock'),
(22, 'Lightweight Jacket', '55', 'Women', 'Best-seller, Sale', 'T-shirt', 'asdasf', 'S - Small, M - Medium, L - Large, XXL - Extra Extra Large', 'Black, Gray, Green', 'asdasdf', '12 kg', '100 x 100 cm', 'Cotton', '739434product-02.jpg', '452627slide-04.jpg', '867332blog-03.jpg', 'In Stock'),
(23, 'Lightweight Jacket', '55', 'Women', 'Best-seller, Sale', 'T-shirt', 'asdasf', 'S - Small, M - Medium, L - Large, XXL - Extra Extra Large', 'Black, Gray, Green', 'asdasdf', '12 kg', '100 x 100 cm', 'Cotton', '49911product-16.jpg', '452627slide-04.jpg', '867332blog-03.jpg', 'In Stock'),
(24, 'Lightweight Jacket', '55', 'Women', 'Best-seller, Sale', 'T-shirt', 'asdasf', 'S - Small, M - Medium, L - Large, XXL - Extra Extra Large', 'Black, Gray, Green', 'asdasdf', '12 kg', '100 x 100 cm', 'Cotton', '546391product-13.jpg', '452627slide-04.jpg', '867332blog-03.jpg', 'In Stock'),
(25, 'Lightweight Jacket', '55', 'Women', 'Best-seller, Sale', 'T-shirt', 'asdasf', 'S - Small, M - Medium, L - Large, XXL - Extra Extra Large', 'Black, Gray, Green', 'asdasdf', '12 kg', '100 x 100 cm', 'Cotton', '925928product-05.jpg', '452627slide-04.jpg', '867332blog-03.jpg', 'In Stock'),
(26, 'Lightweight Jacket', '65.50', 'Accessories', 'Featured, Sale', 'Watch', 'asasdf', 'S - Small, M - Medium, XL - Extra Large', 'Black, Blue, Gray, White', 'asdfasf', '10 kg', '110 x 110 cm', 'Cotton', '369899blog-03.jpg', '300845item-cart-03.jpg', '16134banner-07.jpg', 'In Stock'),
(27, 'Lightweight Jacket', '65.50', 'Accessories', 'Featured, Sale', 'Watch', 'asasdf', 'S - Small, M - Medium, XL - Extra Large', 'Black, Blue, Gray, White', 'asdfasf', '10 kg', '110 x 110 cm', 'Cotton', '349099product-09.jpg', '300845item-cart-03.jpg', '16134banner-07.jpg', 'In Stock'),
(28, 'Lightweight Jacket', '65.50', 'Accessories', 'Featured, Sale', 'Watch', 'asasdf', 'S - Small, M - Medium, XL - Extra Large', 'Black, Blue, Gray, White', 'asdfasf', '10 kg', '110 x 110 cm', 'Cotton', '391421product-15.jpg', '300845item-cart-03.jpg', '16134banner-07.jpg', 'In Stock'),
(29, 'Lightweight Jacket', '65.50', 'Accessories', 'Featured, Sale', 'Watch', 'asasdf', 'S - Small, M - Medium, XL - Extra Large', 'Black, Blue, Gray, White', 'asdfasf', '10 kg', '110 x 110 cm', 'Cotton', '763997gallery-01.jpg', '300845item-cart-03.jpg', '16134banner-07.jpg', 'In Stock'),
(30, 'Lightweight Jacket', '65.50', 'Accessories', 'Featured, Sale', 'Watch', 'asasdf', 'S - Small, M - Medium, XL - Extra Large', 'Black, Blue, Gray, White', 'asdfasf', '10 kg', '110 x 110 cm', 'Cotton', '659805product-09.jpg', '300845item-cart-03.jpg', '16134banner-07.jpg', 'In Stock'),
(31, 'Lightweight Jacket', '65.50', 'Accessories', 'Featured, Sale', 'Watch', 'asasdf', 'S - Small, M - Medium, XL - Extra Large', 'Black, Blue, Gray, White', 'asdfasf', '10 kg', '110 x 110 cm', 'Cotton', '792682product-12.jpg', '300845item-cart-03.jpg', '16134banner-07.jpg', 'In Stock'),
(32, 'Lightweight Jacket', '65.50', 'Accessories', 'Featured, Sale', 'Watch', 'asasdf', 'S - Small, M - Medium, XL - Extra Large', 'Black, Blue, Gray, White', 'asdfasf', '10 kg', '110 x 110 cm', 'Cotton', '636599banner-09.jpg', '300845item-cart-03.jpg', '16134banner-07.jpg', 'In Stock'),
(33, 'White Pant', '200', 'Men', 'Best-seller, Sale', 'Cotton-pent', 'Pant', 'M - Medium, L - Large, XL - Extra Large, XXL - Extra Extra Large', 'Black, White', 'White Pant', '40kg', '200cm', 'Cotton', '898219product-detail-01.jpg', '37119product-detail-02.jpg', '862080product-detail-01.jpg', 'In Stock');

-- --------------------------------------------------------

--
-- Table structure for table `product_comment`
--

CREATE TABLE `product_comment` (
  `id` int(11) NOT NULL,
  `userid` int(11) NOT NULL,
  `rating` text NOT NULL,
  `review` text NOT NULL,
  `name` text NOT NULL,
  `email` text NOT NULL
) ENGINE=InnoDB DEFAULT CHARSET=utf8mb4 COLLATE=utf8mb4_general_ci;

--
-- Dumping data for table `product_comment`
--

INSERT INTO `product_comment` (`id`, `userid`, `rating`, `review`, `name`, `email`) VALUES
(80, 2, '3', 'asdfas', 'asdfsdaf', 'admin@gmail.com'),
(81, 2, '3', 'asdfas', 'asdfsdaf', 'admin@gmail.com'),
(83, 3, '4', 'dsdfg', 'asdfas', 'amit@gmail.com');

-- --------------------------------------------------------

--
-- Table structure for table `slider`
--

CREATE TABLE `slider` (
  `id` int(11) NOT NULL,
  `title` text NOT NULL,
  `details` text NOT NULL,
  `image` text NOT NULL
) ENGINE=InnoDB DEFAULT CHARSET=utf8mb4 COLLATE=utf8mb4_general_ci;

--
-- Dumping data for table `slider`
--

INSERT INTO `slider` (`id`, `title`, `details`, `image`) VALUES
(3, 'Slider 1', 'Slider 1 Details', '139784slide-02.jpg'),
(5, 'Slider 2', 'Slider 2 Details', '876065slide-01.jpg'),
(6, 'Slider 3', 'Details of Slider 3', '198828slide-04.jpg');

-- --------------------------------------------------------

--
-- Table structure for table `user_register`
--

CREATE TABLE `user_register` (
  `id` int(11) NOT NULL,
  `name` text NOT NULL,
  `email` text NOT NULL,
  `mobile_number` text NOT NULL,
  `password` text NOT NULL
) ENGINE=InnoDB DEFAULT CHARSET=utf8mb4 COLLATE=utf8mb4_general_ci;

--
-- Dumping data for table `user_register`
--

INSERT INTO `user_register` (`id`, `name`, `email`, `mobile_number`, `password`) VALUES
(2, 'Pratik R', 'pratikginoya194@gmail.com', '9662624947', 'admin'),
(4, 'Pratik', 'admin@gmail.com', '9662624868', 'adminf'),
(6, 'Pratik R G', 'admin@gmail.com', '9662624947', 'admine');

--
-- Indexes for dumped tables
--

--
-- Indexes for table `about`
--
ALTER TABLE `about`
  ADD PRIMARY KEY (`id`);

--
-- Indexes for table `blog`
--
ALTER TABLE `blog`
  ADD PRIMARY KEY (`id`);

--
-- Indexes for table `blog_comment`
--
ALTER TABLE `blog_comment`
  ADD PRIMARY KEY (`id`);

--
-- Indexes for table `cart`
--
ALTER TABLE `cart`
  ADD PRIMARY KEY (`id`);

--
-- Indexes for table `login`
--
ALTER TABLE `login`
  ADD PRIMARY KEY (`id`);

--
-- Indexes for table `order`
--
ALTER TABLE `order`
  ADD PRIMARY KEY (`id`);

--
-- Indexes for table `product`
--
ALTER TABLE `product`
  ADD PRIMARY KEY (`id`);

--
-- Indexes for table `product_comment`
--
ALTER TABLE `product_comment`
  ADD PRIMARY KEY (`id`);

--
-- Indexes for table `slider`
--
ALTER TABLE `slider`
  ADD PRIMARY KEY (`id`);

--
-- Indexes for table `user_register`
--
ALTER TABLE `user_register`
  ADD PRIMARY KEY (`id`);

--
-- AUTO_INCREMENT for dumped tables
--

--
-- AUTO_INCREMENT for table `about`
--
ALTER TABLE `about`
  MODIFY `id` int(11) NOT NULL AUTO_INCREMENT, AUTO_INCREMENT=2;

--
-- AUTO_INCREMENT for table `blog`
--
ALTER TABLE `blog`
  MODIFY `id` int(11) NOT NULL AUTO_INCREMENT, AUTO_INCREMENT=7;

--
-- AUTO_INCREMENT for table `blog_comment`
--
ALTER TABLE `blog_comment`
  MODIFY `id` int(11) NOT NULL AUTO_INCREMENT, AUTO_INCREMENT=15;

--
-- AUTO_INCREMENT for table `cart`
--
ALTER TABLE `cart`
  MODIFY `id` int(11) NOT NULL AUTO_INCREMENT, AUTO_INCREMENT=75;

--
-- AUTO_INCREMENT for table `login`
--
ALTER TABLE `login`
  MODIFY `id` int(11) NOT NULL AUTO_INCREMENT, AUTO_INCREMENT=2;

--
-- AUTO_INCREMENT for table `order`
--
ALTER TABLE `order`
  MODIFY `id` int(11) NOT NULL AUTO_INCREMENT, AUTO_INCREMENT=51;

--
-- AUTO_INCREMENT for table `product`
--
ALTER TABLE `product`
  MODIFY `id` int(11) NOT NULL AUTO_INCREMENT, AUTO_INCREMENT=34;

--
-- AUTO_INCREMENT for table `product_comment`
--
ALTER TABLE `product_comment`
  MODIFY `id` int(11) NOT NULL AUTO_INCREMENT, AUTO_INCREMENT=84;

--
-- AUTO_INCREMENT for table `slider`
--
ALTER TABLE `slider`
  MODIFY `id` int(11) NOT NULL AUTO_INCREMENT, AUTO_INCREMENT=7;

--
-- AUTO_INCREMENT for table `user_register`
--
ALTER TABLE `user_register`
  MODIFY `id` int(11) NOT NULL AUTO_INCREMENT, AUTO_INCREMENT=8;
--
-- Database: `ecommerce_1`
--
CREATE DATABASE IF NOT EXISTS `ecommerce_1` DEFAULT CHARACTER SET utf8mb4 COLLATE utf8mb4_general_ci;
USE `ecommerce_1`;

-- --------------------------------------------------------

--
-- Table structure for table `admin_table`
--

CREATE TABLE `admin_table` (
  `admin_id` int(11) NOT NULL,
  `admin_name` varchar(100) NOT NULL,
  `admin_email` varchar(200) NOT NULL,
  `admin_image` varchar(255) NOT NULL,
  `admin_password` varchar(255) NOT NULL
) ENGINE=InnoDB DEFAULT CHARSET=utf8mb4 COLLATE=utf8mb4_general_ci;

--
-- Dumping data for table `admin_table`
--

INSERT INTO `admin_table` (`admin_id`, `admin_name`, `admin_email`, `admin_image`, `admin_password`) VALUES
(1, 'abdo', 'abdo@gmail.com', 'logo after 3d_2.png', '$2y$10$M/A/r5j/GSeJrAZxI8NtRu9eG5yNltfgTrfQVoClfSIF/pzNUXa2W'),
(2, 'abd', 'almeerkhan0@gmail.com', 'globe-3984876_640.jpg', '$2y$10$K1.cOrD270X8JWqjioz5/eAsE02GR11ddQTkY2mbQuYm0ojmMy5lS');

-- --------------------------------------------------------

--
-- Table structure for table `brands`
--

CREATE TABLE `brands` (
  `brand_id` int(11) NOT NULL,
  `brand_title` varchar(100) NOT NULL
) ENGINE=InnoDB DEFAULT CHARSET=utf8mb4 COLLATE=utf8mb4_general_ci;

--
-- Dumping data for table `brands`
--

INSERT INTO `brands` (`brand_id`, `brand_title`) VALUES
(2, 'Lenovo'),
(3, 'Nike'),
(5, 'Polo'),
(6, 'Hp'),
(8, 'Oppo'),
(9, 'Other'),
(10, 'Samsung'),
(13, 'Nokia');

-- --------------------------------------------------------

--
-- Table structure for table `card_details`
--

CREATE TABLE `card_details` (
  `product_id` int(11) NOT NULL,
  `ip_address` varchar(255) NOT NULL,
  `quantity` int(100) NOT NULL
) ENGINE=InnoDB DEFAULT CHARSET=utf8mb4 COLLATE=utf8mb4_general_ci;

--
-- Dumping data for table `card_details`
--

INSERT INTO `card_details` (`product_id`, `ip_address`, `quantity`) VALUES
(3, '::1', 222),
(4, '::1', 1);

-- --------------------------------------------------------

--
-- Table structure for table `categories`
--

CREATE TABLE `categories` (
  `category_id` int(11) NOT NULL,
  `category_title` varchar(100) NOT NULL
) ENGINE=InnoDB DEFAULT CHARSET=utf8mb4 COLLATE=utf8mb4_general_ci;

--
-- Dumping data for table `categories`
--

INSERT INTO `categories` (`category_id`, `category_title`) VALUES
(1, 'Mobilesz'),
(2, 'Books'),
(3, 'Food'),
(4, 'Clothes'),
(5, 'HeadPhones'),
(6, 'Electronics'),
(7, 'Accessories');

-- --------------------------------------------------------

--
-- Table structure for table `orders_pending`
--

CREATE TABLE `orders_pending` (
  `order_id` int(11) NOT NULL,
  `user_id` int(11) NOT NULL,
  `invoice_number` int(255) NOT NULL,
  `product_id` int(11) NOT NULL,
  `quantity` int(255) NOT NULL,
  `order_status` varchar(255) NOT NULL
) ENGINE=InnoDB DEFAULT CHARSET=utf8mb4 COLLATE=utf8mb4_general_ci;

--
-- Dumping data for table `orders_pending`
--

INSERT INTO `orders_pending` (`order_id`, `user_id`, `invoice_number`, `product_id`, `quantity`, `order_status`) VALUES
(1, 1, 312346784, 1, 3, 'pending'),
(2, 1, 312346784, 2, 1, 'pending'),
(3, 1, 312346784, 4, 1, 'pending'),
(4, 1, 1918753782, 3, 2, 'pending'),
(5, 1, 351837813, 1, 2, 'pending');

-- --------------------------------------------------------

--
-- Table structure for table `products`
--

CREATE TABLE `products` (
  `product_id` int(11) NOT NULL,
  `product_title` varchar(120) NOT NULL,
  `product_description` varchar(255) NOT NULL,
  `product_keywords` varchar(255) NOT NULL,
  `category_id` int(11) NOT NULL,
  `brand_id` int(11) NOT NULL,
  `product_image_one` varchar(255) NOT NULL,
  `product_image_two` varchar(255) NOT NULL,
  `product_image_three` varchar(255) NOT NULL,
  `product_price` float NOT NULL,
  `date` timestamp NOT NULL DEFAULT current_timestamp() ON UPDATE current_timestamp(),
  `status` varchar(100) NOT NULL
) ENGINE=InnoDB DEFAULT CHARSET=utf8mb4 COLLATE=utf8mb4_general_ci;

--
-- Dumping data for table `products`
--

INSERT INTO `products` (`product_id`, `product_title`, `product_description`, `product_keywords`, `category_id`, `brand_id`, `product_image_one`, `product_image_two`, `product_image_three`, `product_price`, `date`, `status`) VALUES
(1, 'HAVIT HV-G92 Gamepad', 'allows you to use the familiar layout and buttons to enjoy console control when playing games on your PC The Havit HV-G92 also has multiple game profiles for pressure and controller settings', 'gamepad , havit , hv-g92 , logistech', 6, 9, 'havit1.png', 'havit2.png', 'havit1.png', 120, '2023-08-29 18:05:15', 'true'),
(2, 'ASUS FHD Gaming Laptop', 'Laptop ASUS TUF Gaming F15 FX506HF-HN001W(11th Intel Core i5 11400H - Ram 8GB - Hard 512 GB SSD - GPU Nvidia Geforce RTX 2050 4GB - Display 15.6 4k', 'Laptop , gaming , asus , intell 11', 1, 2, 'lap1.png', 'lap2.png', 'lap3.png', 700, '2024-10-23 14:47:14', 'true'),
(3, 'CANON EOS DSLR Camera', 'High Image Quality with 32.5 Megapixel CMOS (APS-C) Sensor DIGIC 8 Image Processor. High-Speed Continuous Shooting of up to 10 fps with no Time Lag during OVF Shooting. 4K (UHD) 30fps / FHD 120fps Video', 'Canon, camera , high quality, 4k', 6, 1, 'camera1.png', 'camera2.png', 'camera3.png', 380, '2023-08-29 18:13:22', 'true'),
(4, 'zeeeeer', 'Chicken, chicken by-product meal, corn, wheat, chicken fat, ground grain sorghum, natural flavors, dried plain beet pulp, egg product, potassium chloride, sodium hexametaphosphate, salt, cat food, dog food', 'food, dog food, cat food', 3, 9, 'food1.png', 'food2.png', 'food3.png', 100, '2024-10-23 14:49:00', 'true');

-- --------------------------------------------------------

--
-- Table structure for table `user_orders`
--

CREATE TABLE `user_orders` (
  `order_id` int(11) NOT NULL,
  `user_id` int(11) NOT NULL,
  `amount_due` int(255) NOT NULL,
  `invoice_number` int(255) NOT NULL,
  `total_products` int(255) NOT NULL,
  `order_date` timestamp NOT NULL DEFAULT current_timestamp() ON UPDATE current_timestamp(),
  `order_status` varchar(255) NOT NULL
) ENGINE=InnoDB DEFAULT CHARSET=utf8mb4 COLLATE=utf8mb4_general_ci;

--
-- Dumping data for table `user_orders`
--

INSERT INTO `user_orders` (`order_id`, `user_id`, `amount_due`, `invoice_number`, `total_products`, `order_date`, `order_status`) VALUES
(1, 1, 1160, 312346784, 3, '2023-10-22 15:31:20', 'paid'),
(2, 1, 760, 1918753782, 1, '2023-10-24 00:25:10', 'pending'),
(3, 1, 240, 351837813, 1, '2023-10-24 18:41:02', 'pending');

-- --------------------------------------------------------

--
-- Table structure for table `user_payments`
--

CREATE TABLE `user_payments` (
  `payment_id` int(11) NOT NULL,
  `order_id` int(11) NOT NULL,
  `invoice_number` int(11) NOT NULL,
  `amount` int(11) NOT NULL,
  `payment_method` varchar(255) NOT NULL,
  `payment_date` timestamp NOT NULL DEFAULT current_timestamp() ON UPDATE current_timestamp()
) ENGINE=InnoDB DEFAULT CHARSET=utf8mb4 COLLATE=utf8mb4_general_ci;

--
-- Dumping data for table `user_payments`
--

INSERT INTO `user_payments` (`payment_id`, `order_id`, `invoice_number`, `amount`, `payment_method`, `payment_date`) VALUES
(1, 1, 312346784, 1160, 'paypal', '2023-10-24 00:23:26');

-- --------------------------------------------------------

--
-- Table structure for table `user_table`
--

CREATE TABLE `user_table` (
  `user_id` int(11) NOT NULL,
  `username` varchar(100) NOT NULL,
  `user_email` varchar(100) NOT NULL,
  `user_password` varchar(255) NOT NULL,
  `user_image` varchar(255) NOT NULL,
  `user_ip` varchar(100) NOT NULL,
  `user_address` varchar(255) NOT NULL,
  `user_mobile` varchar(20) NOT NULL
) ENGINE=InnoDB DEFAULT CHARSET=utf8mb4 COLLATE=utf8mb4_general_ci;

--
-- Dumping data for table `user_table`
--

INSERT INTO `user_table` (`user_id`, `username`, `user_email`, `user_password`, `user_image`, `user_ip`, `user_address`, `user_mobile`) VALUES
(1, 'abd', 'abd@gmail.com', '12345', 'new logo after Edit1920.png', '::1', 'Cairo', '123456789');

--
-- Indexes for dumped tables
--

--
-- Indexes for table `admin_table`
--
ALTER TABLE `admin_table`
  ADD PRIMARY KEY (`admin_id`);

--
-- Indexes for table `brands`
--
ALTER TABLE `brands`
  ADD PRIMARY KEY (`brand_id`);

--
-- Indexes for table `card_details`
--
ALTER TABLE `card_details`
  ADD PRIMARY KEY (`product_id`);

--
-- Indexes for table `categories`
--
ALTER TABLE `categories`
  ADD PRIMARY KEY (`category_id`);

--
-- Indexes for table `orders_pending`
--
ALTER TABLE `orders_pending`
  ADD PRIMARY KEY (`order_id`);

--
-- Indexes for table `products`
--
ALTER TABLE `products`
  ADD PRIMARY KEY (`product_id`);

--
-- Indexes for table `user_orders`
--
ALTER TABLE `user_orders`
  ADD PRIMARY KEY (`order_id`);

--
-- Indexes for table `user_payments`
--
ALTER TABLE `user_payments`
  ADD PRIMARY KEY (`payment_id`);

--
-- Indexes for table `user_table`
--
ALTER TABLE `user_table`
  ADD PRIMARY KEY (`user_id`);

--
-- AUTO_INCREMENT for dumped tables
--

--
-- AUTO_INCREMENT for table `admin_table`
--
ALTER TABLE `admin_table`
  MODIFY `admin_id` int(11) NOT NULL AUTO_INCREMENT, AUTO_INCREMENT=3;

--
-- AUTO_INCREMENT for table `brands`
--
ALTER TABLE `brands`
  MODIFY `brand_id` int(11) NOT NULL AUTO_INCREMENT, AUTO_INCREMENT=14;

--
-- AUTO_INCREMENT for table `categories`
--
ALTER TABLE `categories`
  MODIFY `category_id` int(11) NOT NULL AUTO_INCREMENT, AUTO_INCREMENT=8;

--
-- AUTO_INCREMENT for table `orders_pending`
--
ALTER TABLE `orders_pending`
  MODIFY `order_id` int(11) NOT NULL AUTO_INCREMENT, AUTO_INCREMENT=6;

--
-- AUTO_INCREMENT for table `products`
--
ALTER TABLE `products`
  MODIFY `product_id` int(11) NOT NULL AUTO_INCREMENT, AUTO_INCREMENT=5;

--
-- AUTO_INCREMENT for table `user_orders`
--
ALTER TABLE `user_orders`
  MODIFY `order_id` int(11) NOT NULL AUTO_INCREMENT, AUTO_INCREMENT=4;

--
-- AUTO_INCREMENT for table `user_payments`
--
ALTER TABLE `user_payments`
  MODIFY `payment_id` int(11) NOT NULL AUTO_INCREMENT, AUTO_INCREMENT=2;

--
-- AUTO_INCREMENT for table `user_table`
--
ALTER TABLE `user_table`
  MODIFY `user_id` int(11) NOT NULL AUTO_INCREMENT, AUTO_INCREMENT=2;
--
-- Database: `ecom_store`
--
CREATE DATABASE IF NOT EXISTS `ecom_store` DEFAULT CHARACTER SET utf8mb4 COLLATE utf8mb4_general_ci;
USE `ecom_store`;

-- --------------------------------------------------------

--
-- Table structure for table `admins`
--

CREATE TABLE `admins` (
  `admin_id` int(10) NOT NULL,
  `admin_name` varchar(255) NOT NULL,
  `admin_email` varchar(255) NOT NULL,
  `admin_pass` varchar(255) NOT NULL,
  `admin_image` text NOT NULL,
  `admin_contact` varchar(255) NOT NULL,
  `admin_country` text NOT NULL,
  `admin_job` varchar(255) NOT NULL,
  `admin_about` text NOT NULL
) ENGINE=InnoDB DEFAULT CHARSET=latin1 COLLATE=latin1_swedish_ci;

--
-- Dumping data for table `admins`
--

INSERT INTO `admins` (`admin_id`, `admin_name`, `admin_email`, `admin_pass`, `admin_image`, `admin_contact`, `admin_country`, `admin_job`, `admin_about`) VALUES
(6, 'Waqas Qureshi', 'admin@gmail.com', '12345', 'WhatsApp Image 2024-10-23 at 21.57.40_07bc08d8.jpg', '161461613', 'Bangladesh', 'Super Admin', '   Lorem ipsum dolor sit amet, consectetur adipisicing elit. Doloribus, laudantium illo illum. Aut rem adipisci nostrum doloremque dicta est recusandae, iste, maxime. Voluptate, quasi? Odio asperiores quisquam aspernatur neque possimus.   '),
(7, 'Kurt Cobain', 'k@gmail.com', '123456', 'kurt.jpg', '6546515641', 'Bangladesh', 'admin', ' Lorem ipsum dolor sit amet, consectetur adipisicing elit. Voluptatibus dolor sit doloribus, fugit, voluptates quidem cumque tenetur excepturi facere, hic optio, sint libero. Veritatis tempore, natus delectus consectetur maiores, quo? ');

-- --------------------------------------------------------

--
-- Table structure for table `cart`
--

CREATE TABLE `cart` (
  `cart_id` int(100) NOT NULL,
  `p_id` int(100) NOT NULL,
  `ip_add` varchar(255) NOT NULL,
  `qty` int(10) NOT NULL,
  `size` text NOT NULL
) ENGINE=InnoDB DEFAULT CHARSET=latin1 COLLATE=latin1_swedish_ci;

-- --------------------------------------------------------

--
-- Table structure for table `categories`
--

CREATE TABLE `categories` (
  `cat_id` int(10) NOT NULL,
  `cat_title` text NOT NULL,
  `cat_desc` text NOT NULL
) ENGINE=InnoDB DEFAULT CHARSET=latin1 COLLATE=latin1_swedish_ci;

--
-- Dumping data for table `categories`
--

INSERT INTO `categories` (`cat_id`, `cat_title`, `cat_desc`) VALUES
(6, 'Transparent', 'Add your transparent Glasses \r\n\r\n'),
(7, 'Round Glasses', 'Round Glasses ......\r\n\r\n'),
(8, 'Cat Eye Glasses ', 'Cat Eye Glasses \r\n'),
(9, 'Club Master', 'Club Master ....\r\n\r\n'),
(10, 'Bend Glasses', 'Bend Glasses......\r\n'),
(11, 'Avatior Glasses', 'Avatior Glasses ....\r\n\r\n');

-- --------------------------------------------------------

--
-- Table structure for table `customers`
--

CREATE TABLE `customers` (
  `customer_id` int(10) NOT NULL,
  `customer_name` varchar(255) NOT NULL,
  `customer_email` varchar(255) NOT NULL,
  `customer_pass` varchar(255) NOT NULL,
  `customer_country` text NOT NULL,
  `customer_city` text NOT NULL,
  `customer_contact` varchar(255) NOT NULL,
  `customer_address` text NOT NULL,
  `customer_image` text NOT NULL,
  `customer_ip` varchar(255) NOT NULL,
  `customer_confirm_code` text NOT NULL
) ENGINE=InnoDB DEFAULT CHARSET=latin1 COLLATE=latin1_swedish_ci;

--
-- Dumping data for table `customers`
--

INSERT INTO `customers` (`customer_id`, `customer_name`, `customer_email`, `customer_pass`, `customer_country`, `customer_city`, `customer_contact`, `customer_address`, `customer_image`, `customer_ip`, `customer_confirm_code`) VALUES
(15, 'waqas', 'almeerkhan0@gmail.com', '$2y$10$BcajUd41hov4xG2zBfxwju8.hzZi8I7v5slvBuly5JQ2A76iNuZma', 'pakistan', 'dgkhan', '03276864191', 'ujcsbaucbu', 'tryon.jpg', '::1', '386154162');

-- --------------------------------------------------------

--
-- Table structure for table `customer_orders`
--

CREATE TABLE `customer_orders` (
  `order_id` int(10) NOT NULL,
  `customer_id` int(10) NOT NULL,
  `due_amount` int(100) NOT NULL,
  `invoice_no` int(100) NOT NULL,
  `qty` int(10) NOT NULL,
  `size` text NOT NULL,
  `order_date` timestamp NOT NULL DEFAULT current_timestamp() ON UPDATE current_timestamp(),
  `order_status` text NOT NULL
) ENGINE=InnoDB DEFAULT CHARSET=latin1 COLLATE=latin1_swedish_ci;

--
-- Dumping data for table `customer_orders`
--

INSERT INTO `customer_orders` (`order_id`, `customer_id`, `due_amount`, `invoice_no`, `qty`, `size`, `order_date`, `order_status`) VALUES
(29, 15, 10000, 383307593, 1, 'Small', '2024-10-25 06:46:52', 'pending'),
(30, 15, 1000, 839347730, 1, 'Small', '2024-10-25 06:50:38', 'pending');

-- --------------------------------------------------------

--
-- Table structure for table `payments`
--

CREATE TABLE `payments` (
  `payment_id` int(10) NOT NULL,
  `invoice_no` int(10) NOT NULL,
  `amount` int(10) NOT NULL,
  `payment_mode` text NOT NULL,
  `ref_no` int(10) NOT NULL,
  `code` int(10) NOT NULL,
  `payment_date` text NOT NULL
) ENGINE=InnoDB DEFAULT CHARSET=latin1 COLLATE=latin1_swedish_ci;

--
-- Dumping data for table `payments`
--

INSERT INTO `payments` (`payment_id`, `invoice_no`, `amount`, `payment_mode`, `ref_no`, `code`, `payment_date`) VALUES
(9, 450389922, 6000, 'Bkash', 2147483647, 5426, '20/12/2019'),
(11, 1933421241, 518, 'Rocket', 2147483647, 5542, '20/12/2019');

-- --------------------------------------------------------

--
-- Table structure for table `pending_orders`
--

CREATE TABLE `pending_orders` (
  `order_id` int(10) NOT NULL,
  `customer_id` int(10) NOT NULL,
  `invoice_no` int(10) NOT NULL,
  `product_id` text NOT NULL,
  `qty` int(10) NOT NULL,
  `size` text NOT NULL,
  `order_status` text NOT NULL
) ENGINE=InnoDB DEFAULT CHARSET=latin1 COLLATE=latin1_swedish_ci;

--
-- Dumping data for table `pending_orders`
--

INSERT INTO `pending_orders` (`order_id`, `customer_id`, `invoice_no`, `product_id`, `qty`, `size`, `order_status`) VALUES
(29, 15, 383307593, '28', 1, 'Small', 'pending'),
(30, 15, 839347730, '27', 1, 'Small', 'pending');

-- --------------------------------------------------------

--
-- Table structure for table `products`
--

CREATE TABLE `products` (
  `product_id` int(10) NOT NULL,
  `p_cat_id` int(10) NOT NULL,
  `cat_id` int(10) NOT NULL,
  `date` timestamp NOT NULL DEFAULT current_timestamp() ON UPDATE current_timestamp(),
  `product_title` text NOT NULL,
  `product_img1` text NOT NULL,
  `product_img2` text NOT NULL,
  `product_img3` text NOT NULL,
  `product_quantity` int(10) NOT NULL,
  `product_price` int(10) NOT NULL,
  `product_desc` text NOT NULL,
  `product_keywords` text NOT NULL,
  `product_img4` varchar(255) DEFAULT NULL,
  `product_img5` varchar(255) DEFAULT NULL,
  `product_img6` varchar(255) DEFAULT NULL
) ENGINE=InnoDB DEFAULT CHARSET=latin1 COLLATE=latin1_swedish_ci;

--
-- Dumping data for table `products`
--

INSERT INTO `products` (`product_id`, `p_cat_id`, `cat_id`, `date`, `product_title`, `product_img1`, `product_img2`, `product_img3`, `product_quantity`, `product_price`, `product_desc`, `product_keywords`, `product_img4`, `product_img5`, `product_img6`) VALUES
(21, 0, 7, '2024-10-24 20:42:48', 'Round Glasses', 'image179.webp', 'image179.webp', 'image179.webp', 0, 1000, 'awubsuwbucbu', 'transparent', 'image179.webp', 'image179.webp', 'glasses.png'),
(22, 0, 8, '2024-10-25 04:47:25', 'Cat Eye glasses', 'cateeye.webp', 'cateeye.webp', 'cateeye.webp', 0, 1000, 'wusubwdufug3w', 'transparent', '', 'aviator.webp', 'glasses.png'),
(23, 0, 9, '2024-10-24 20:43:13', 'Club Master', 'clubmaster.webp', 'clubmaster.webp', 'clubmaster.webp', 0, 1000, 'bwudbuwqub', 'transparent', '', '', 'glasses.png'),
(24, 0, 10, '2024-10-24 20:43:30', 'Club Master', 'blend.webp', 'blend.webp', 'blend.webp', 0, 1000, 'icbsibcbwu', 'transparent', '', '', 'glasses.png'),
(26, 0, 6, '2024-10-24 20:44:04', 'Avatior', 'airflex.webp', 'airflex.webp', 'airflex.webp', 0, 1000, 'vcuvfucveyufvv', 'transparent', '', '', 'glasses.png'),
(27, 0, 8, '2024-10-25 06:50:38', 'test', 'b2.webp', 'b2.webp', 'b2.webp', 999, 1000, 'uwbducuivwyvcuvfcv', 'bc', 'b2.webp', 'b2.webp', 'WhatsApp Image 2024-10-24 at 00.41.23_22ef3967.jpg'),
(28, 0, 6, '2024-10-25 06:46:52', 'test', 'clipon.webp', 'clipon.webp', 'clipon.webp', 99, 10000, 'yyucfycyttytty', 'bc', 'clipon.webp', 'clipon.webp', 'glasses.png'),
(29, 0, 7, '2024-10-25 04:10:24', 'zeee', 'blend.webp', 'blend.webp', 'airflex.webp', 1000, 1000, 'ubudvwqvdyvu', 'bc', 'cateeye.webp', 'clipon.webp', 'clubmaster.webp');

-- --------------------------------------------------------

--
-- Table structure for table `product_categories`
--

CREATE TABLE `product_categories` (
  `p_cat_id` int(10) NOT NULL,
  `p_cat_title` text NOT NULL,
  `p_cat_desc` text NOT NULL
) ENGINE=InnoDB DEFAULT CHARSET=latin1 COLLATE=latin1_swedish_ci;

-- --------------------------------------------------------

--
-- Table structure for table `slider`
--

CREATE TABLE `slider` (
  `slide_id` int(10) NOT NULL,
  `slide_name` varchar(255) NOT NULL,
  `slide_image` text NOT NULL
) ENGINE=InnoDB DEFAULT CHARSET=latin1 COLLATE=latin1_swedish_ci;

--
-- Dumping data for table `slider`
--

INSERT INTO `slider` (`slide_id`, `slide_name`, `slide_image`) VALUES
(13, 'New1', 'diwali-sale-web-banner.webp'),
(14, 'new2', 'Desktop Banner.gif'),
(15, 'new3', 'desktop-owndays.webp');

--
-- Indexes for dumped tables
--

--
-- Indexes for table `admins`
--
ALTER TABLE `admins`
  ADD PRIMARY KEY (`admin_id`);

--
-- Indexes for table `cart`
--
ALTER TABLE `cart`
  ADD PRIMARY KEY (`cart_id`);

--
-- Indexes for table `categories`
--
ALTER TABLE `categories`
  ADD PRIMARY KEY (`cat_id`);

--
-- Indexes for table `customers`
--
ALTER TABLE `customers`
  ADD PRIMARY KEY (`customer_id`);

--
-- Indexes for table `customer_orders`
--
ALTER TABLE `customer_orders`
  ADD PRIMARY KEY (`order_id`);

--
-- Indexes for table `payments`
--
ALTER TABLE `payments`
  ADD PRIMARY KEY (`payment_id`);

--
-- Indexes for table `pending_orders`
--
ALTER TABLE `pending_orders`
  ADD PRIMARY KEY (`order_id`);

--
-- Indexes for table `products`
--
ALTER TABLE `products`
  ADD PRIMARY KEY (`product_id`);

--
-- Indexes for table `product_categories`
--
ALTER TABLE `product_categories`
  ADD PRIMARY KEY (`p_cat_id`);

--
-- Indexes for table `slider`
--
ALTER TABLE `slider`
  ADD PRIMARY KEY (`slide_id`);

--
-- AUTO_INCREMENT for dumped tables
--

--
-- AUTO_INCREMENT for table `admins`
--
ALTER TABLE `admins`
  MODIFY `admin_id` int(10) NOT NULL AUTO_INCREMENT, AUTO_INCREMENT=9;

--
-- AUTO_INCREMENT for table `cart`
--
ALTER TABLE `cart`
  MODIFY `cart_id` int(100) NOT NULL AUTO_INCREMENT, AUTO_INCREMENT=81;

--
-- AUTO_INCREMENT for table `categories`
--
ALTER TABLE `categories`
  MODIFY `cat_id` int(10) NOT NULL AUTO_INCREMENT, AUTO_INCREMENT=12;

--
-- AUTO_INCREMENT for table `customers`
--
ALTER TABLE `customers`
  MODIFY `customer_id` int(10) NOT NULL AUTO_INCREMENT, AUTO_INCREMENT=16;

--
-- AUTO_INCREMENT for table `customer_orders`
--
ALTER TABLE `customer_orders`
  MODIFY `order_id` int(10) NOT NULL AUTO_INCREMENT, AUTO_INCREMENT=31;

--
-- AUTO_INCREMENT for table `payments`
--
ALTER TABLE `payments`
  MODIFY `payment_id` int(10) NOT NULL AUTO_INCREMENT, AUTO_INCREMENT=12;

--
-- AUTO_INCREMENT for table `pending_orders`
--
ALTER TABLE `pending_orders`
  MODIFY `order_id` int(10) NOT NULL AUTO_INCREMENT, AUTO_INCREMENT=31;

--
-- AUTO_INCREMENT for table `products`
--
ALTER TABLE `products`
  MODIFY `product_id` int(10) NOT NULL AUTO_INCREMENT, AUTO_INCREMENT=30;

--
-- AUTO_INCREMENT for table `product_categories`
--
ALTER TABLE `product_categories`
  MODIFY `p_cat_id` int(10) NOT NULL AUTO_INCREMENT, AUTO_INCREMENT=11;

--
-- AUTO_INCREMENT for table `slider`
--
ALTER TABLE `slider`
  MODIFY `slide_id` int(10) NOT NULL AUTO_INCREMENT, AUTO_INCREMENT=16;
--
-- Database: `fashiony_ogs`
--
CREATE DATABASE IF NOT EXISTS `fashiony_ogs` DEFAULT CHARACTER SET utf8mb4 COLLATE utf8mb4_general_ci;
USE `fashiony_ogs`;

-- --------------------------------------------------------

--
-- Table structure for table `tbl_color`
--

CREATE TABLE `tbl_color` (
  `color_id` int(11) NOT NULL,
  `color_name` varchar(255) NOT NULL
) ENGINE=InnoDB DEFAULT CHARSET=latin1 COLLATE=latin1_swedish_ci;

--
-- Dumping data for table `tbl_color`
--

INSERT INTO `tbl_color` (`color_id`, `color_name`) VALUES
(1, 'Red'),
(2, 'Black'),
(3, 'Blue'),
(4, 'Yellow'),
(5, 'Green'),
(6, 'White'),
(7, 'Orange'),
(8, 'Brown'),
(9, 'Tan'),
(10, 'Pink'),
(11, 'Mixed'),
(12, 'Lightblue'),
(13, 'Violet'),
(14, 'Light Purple'),
(15, 'Salmon'),
(16, 'Gold'),
(17, 'Gray'),
(18, 'Ash'),
(19, 'Maroon'),
(20, 'Silver');

-- --------------------------------------------------------

--
-- Table structure for table `tbl_country`
--

CREATE TABLE `tbl_country` (
  `country_id` int(11) NOT NULL,
  `country_name` varchar(100) NOT NULL DEFAULT ''
) ENGINE=MyISAM DEFAULT CHARSET=utf8 COLLATE=utf8_general_ci;

--
-- Dumping data for table `tbl_country`
--

INSERT INTO `tbl_country` (`country_id`, `country_name`) VALUES
(1, 'Afghanistan'),
(2, 'Albania'),
(3, 'Algeria'),
(4, 'American Samoa'),
(5, 'Andorra'),
(6, 'Angola'),
(7, 'Anguilla'),
(8, 'Antarctica'),
(9, 'Antigua and Barbuda'),
(10, 'Argentina'),
(11, 'Armenia'),
(12, 'Aruba'),
(13, 'Australia'),
(14, 'Austria'),
(15, 'Azerbaijan'),
(16, 'Bahamas'),
(17, 'Bahrain'),
(18, 'Bangladesh'),
(19, 'Barbados'),
(20, 'Belarus'),
(21, 'Belgium'),
(22, 'Belize'),
(23, 'Benin'),
(24, 'Bermuda'),
(25, 'Bhutan'),
(26, 'Bolivia'),
(27, 'Bosnia and Herzegovina'),
(28, 'Botswana'),
(29, 'Bouvet Island'),
(30, 'Brazil'),
(31, 'British Indian Ocean Territory'),
(32, 'Brunei Darussalam'),
(33, 'Bulgaria'),
(34, 'Burkina Faso'),
(35, 'Burundi'),
(36, 'Cambodia'),
(37, 'Cameroon'),
(38, 'Canada'),
(39, 'Cape Verde'),
(40, 'Cayman Islands'),
(41, 'Central African Republic'),
(42, 'Chad'),
(43, 'Chile'),
(44, 'China'),
(45, 'Christmas Island'),
(46, 'Cocos (Keeling) Islands'),
(47, 'Colombia'),
(48, 'Comoros'),
(49, 'Congo'),
(50, 'Cook Islands'),
(51, 'Costa Rica'),
(52, 'Croatia (Hrvatska)'),
(53, 'Cuba'),
(54, 'Cyprus'),
(55, 'Czech Republic'),
(56, 'Denmark'),
(57, 'Djibouti'),
(58, 'Dominica'),
(59, 'Dominican Republic'),
(60, 'East Timor'),
(61, 'Ecuador'),
(62, 'Egypt'),
(63, 'El Salvador'),
(64, 'Equatorial Guinea'),
(65, 'Eritrea'),
(66, 'Estonia'),
(67, 'Ethiopia'),
(68, 'Falkland Islands (Malvinas)'),
(69, 'Faroe Islands'),
(70, 'Fiji'),
(71, 'Finland'),
(72, 'France'),
(73, 'France, Metropolitan'),
(74, 'French Guiana'),
(75, 'French Polynesia'),
(76, 'French Southern Territories'),
(77, 'Gabon'),
(78, 'Gambia'),
(79, 'Georgia'),
(80, 'Germany'),
(81, 'Ghana'),
(82, 'Gibraltar'),
(83, 'Guernsey'),
(84, 'Greece'),
(85, 'Greenland'),
(86, 'Grenada'),
(87, 'Guadeloupe'),
(88, 'Guam'),
(89, 'Guatemala'),
(90, 'Guinea'),
(91, 'Guinea-Bissau'),
(92, 'Guyana'),
(93, 'Haiti'),
(94, 'Heard and Mc Donald Islands'),
(95, 'Honduras'),
(96, 'Hong Kong'),
(97, 'Hungary'),
(98, 'Iceland'),
(99, 'India'),
(100, 'Isle of Man'),
(101, 'Indonesia'),
(102, 'Iran (Islamic Republic of)'),
(103, 'Iraq'),
(104, 'Ireland'),
(105, 'Israel'),
(106, 'Italy'),
(107, 'Ivory Coast'),
(108, 'Jersey'),
(109, 'Jamaica'),
(110, 'Japan'),
(111, 'Jordan'),
(112, 'Kazakhstan'),
(113, 'Kenya'),
(114, 'Kiribati'),
(115, 'Korea, Democratic People\'s Republic of'),
(116, 'Korea, Republic of'),
(117, 'Kosovo'),
(118, 'Kuwait'),
(119, 'Kyrgyzstan'),
(120, 'Lao People\'s Democratic Republic'),
(121, 'Latvia'),
(122, 'Lebanon'),
(123, 'Lesotho'),
(124, 'Liberia'),
(125, 'Libyan Arab Jamahiriya'),
(126, 'Liechtenstein'),
(127, 'Lithuania'),
(128, 'Luxembourg'),
(129, 'Macau'),
(130, 'Macedonia'),
(131, 'Madagascar'),
(132, 'Malawi'),
(133, 'Malaysia'),
(134, 'Maldives'),
(135, 'Mali'),
(136, 'Malta'),
(137, 'Marshall Islands'),
(138, 'Martinique'),
(139, 'Mauritania'),
(140, 'Mauritius'),
(141, 'Mayotte'),
(142, 'Mexico'),
(143, 'Micronesia, Federated States of'),
(144, 'Moldova, Republic of'),
(145, 'Monaco'),
(146, 'Mongolia'),
(147, 'Montenegro'),
(148, 'Montserrat'),
(149, 'Morocco'),
(150, 'Mozambique'),
(151, 'Myanmar'),
(152, 'Namibia'),
(153, 'Nauru'),
(154, 'Nepal'),
(155, 'Netherlands'),
(156, 'Netherlands Antilles'),
(157, 'New Caledonia'),
(158, 'New Zealand'),
(159, 'Nicaragua'),
(160, 'Niger'),
(161, 'Nigeria'),
(162, 'Niue'),
(163, 'Norfolk Island'),
(164, 'Northern Mariana Islands'),
(165, 'Norway'),
(166, 'Oman'),
(167, 'Pakistan'),
(168, 'Palau'),
(169, 'Palestine'),
(170, 'Panama'),
(171, 'Papua New Guinea'),
(172, 'Paraguay'),
(173, 'Peru'),
(174, 'Philippines'),
(175, 'Pitcairn'),
(176, 'Poland'),
(177, 'Portugal'),
(178, 'Puerto Rico'),
(179, 'Qatar'),
(180, 'Reunion'),
(181, 'Romania'),
(182, 'Russian Federation'),
(183, 'Rwanda'),
(184, 'Saint Kitts and Nevis'),
(185, 'Saint Lucia'),
(186, 'Saint Vincent and the Grenadines'),
(187, 'Samoa'),
(188, 'San Marino'),
(189, 'Sao Tome and Principe'),
(190, 'Saudi Arabia'),
(191, 'Senegal'),
(192, 'Serbia'),
(193, 'Seychelles'),
(194, 'Sierra Leone'),
(195, 'Singapore'),
(196, 'Slovakia'),
(197, 'Slovenia'),
(198, 'Solomon Islands'),
(199, 'Somalia'),
(200, 'South Africa'),
(201, 'South Georgia South Sandwich Islands'),
(202, 'Spain'),
(203, 'Sri Lanka'),
(204, 'St. Helena'),
(205, 'St. Pierre and Miquelon'),
(206, 'Sudan'),
(207, 'Suriname'),
(208, 'Svalbard and Jan Mayen Islands'),
(209, 'Swaziland'),
(210, 'Sweden'),
(211, 'Switzerland'),
(212, 'Syrian Arab Republic'),
(213, 'Taiwan'),
(214, 'Tajikistan'),
(215, 'Tanzania, United Republic of'),
(216, 'Thailand'),
(217, 'Togo'),
(218, 'Tokelau'),
(219, 'Tonga'),
(220, 'Trinidad and Tobago'),
(221, 'Tunisia'),
(222, 'Turkey'),
(223, 'Turkmenistan'),
(224, 'Turks and Caicos Islands'),
(225, 'Tuvalu'),
(226, 'Uganda'),
(227, 'Ukraine'),
(228, 'United Arab Emirates'),
(229, 'United Kingdom'),
(230, 'United States'),
(231, 'United States minor outlying islands'),
(232, 'Uruguay'),
(233, 'Uzbekistan'),
(234, 'Vanuatu'),
(235, 'Vatican City State'),
(236, 'Venezuela'),
(237, 'Vietnam'),
(238, 'Virgin Islands (British)'),
(239, 'Virgin Islands (U.S.)'),
(240, 'Wallis and Futuna Islands'),
(241, 'Western Sahara'),
(242, 'Yemen'),
(243, 'Zaire'),
(244, 'Zambia'),
(245, 'Zimbabwe');

-- --------------------------------------------------------

--
-- Table structure for table `tbl_customer`
--

CREATE TABLE `tbl_customer` (
  `cust_id` int(11) NOT NULL,
  `cust_name` varchar(100) NOT NULL,
  `cust_cname` varchar(100) NOT NULL,
  `cust_email` varchar(100) NOT NULL,
  `cust_phone` varchar(50) NOT NULL,
  `cust_country` int(11) NOT NULL,
  `cust_address` text NOT NULL,
  `cust_city` varchar(100) NOT NULL,
  `cust_state` varchar(100) NOT NULL,
  `cust_zip` varchar(30) NOT NULL,
  `cust_b_name` varchar(100) NOT NULL,
  `cust_b_cname` varchar(100) NOT NULL,
  `cust_b_phone` varchar(50) NOT NULL,
  `cust_b_country` int(11) NOT NULL,
  `cust_b_address` text NOT NULL,
  `cust_b_city` varchar(100) NOT NULL,
  `cust_b_state` varchar(100) NOT NULL,
  `cust_b_zip` varchar(30) NOT NULL,
  `cust_s_name` varchar(100) NOT NULL,
  `cust_s_cname` varchar(100) NOT NULL,
  `cust_s_phone` varchar(50) NOT NULL,
  `cust_s_country` int(11) NOT NULL,
  `cust_s_address` text NOT NULL,
  `cust_s_city` varchar(100) NOT NULL,
  `cust_s_state` varchar(100) NOT NULL,
  `cust_s_zip` varchar(30) NOT NULL,
  `cust_password` varchar(100) NOT NULL,
  `cust_token` varchar(255) NOT NULL,
  `cust_datetime` varchar(100) NOT NULL,
  `cust_timestamp` varchar(100) NOT NULL,
  `cust_status` int(1) NOT NULL
) ENGINE=InnoDB DEFAULT CHARSET=latin1 COLLATE=latin1_swedish_ci;

--
-- Dumping data for table `tbl_customer`
--

INSERT INTO `tbl_customer` (`cust_id`, `cust_name`, `cust_cname`, `cust_email`, `cust_phone`, `cust_country`, `cust_address`, `cust_city`, `cust_state`, `cust_zip`, `cust_b_name`, `cust_b_cname`, `cust_b_phone`, `cust_b_country`, `cust_b_address`, `cust_b_city`, `cust_b_state`, `cust_b_zip`, `cust_s_name`, `cust_s_cname`, `cust_s_phone`, `cust_s_country`, `cust_s_address`, `cust_s_city`, `cust_s_state`, `cust_s_zip`, `cust_password`, `cust_token`, `cust_datetime`, `cust_timestamp`, `cust_status`) VALUES
(4, 'Hammad', '', 'wonk.xags@gmail.com', '49857243857', 228, 'address', 'dubai', 'dubai', '0000', '', '', '', 0, '', '', '', '', '', '', '', 0, '', '', '', '', 'e10adc3949ba59abbe56e057f20f883e', '34d03a29d49aaba635ad6efee22c4d30', '2018-04-21 02:40:10', '1524264010', 1),
(5, 'Hammad Hassan', '', 'mc170200216@vu.edu.pk', '49857243857', 228, 'address', 'dubai', 'Dubai', '0000', 'Hammad Hassan', 'Company Name', '971502020067', 228, 'Dubai Investments Park 1', 'Dubai', 'Dubai', '75400', 'Hammad Hassan', 'Company Name', '971502020067', 228, 'Dubai Investments Park 1', 'Dubai', 'Dubai', '75400', '9794cb7c1989a7d0d36a62426cb170e4', '92dd269f6494db9e8e8ab28c528bbe80', '2018-04-23 10:06:51', '1524506811', 1);

-- --------------------------------------------------------

--
-- Table structure for table `tbl_customer_message`
--

CREATE TABLE `tbl_customer_message` (
  `customer_message_id` int(11) NOT NULL,
  `subject` varchar(255) NOT NULL,
  `message` text NOT NULL,
  `order_detail` text NOT NULL,
  `cust_id` int(11) NOT NULL
) ENGINE=MyISAM DEFAULT CHARSET=latin1 COLLATE=latin1_swedish_ci;

--
-- Dumping data for table `tbl_customer_message`
--

INSERT INTO `tbl_customer_message` (`customer_message_id`, `subject`, `message`, `order_detail`, `cust_id`) VALUES
(5, 'Shipping complete', 'Thank you', '\r\nCustomer Name: Morshedul Arefin<br>\r\nCustomer Email: arefin2k@gmail.com<br>\r\nPayment Date: 2018-01-24 21:50:13<br>\r\nTransaction Id: Morshedul Arefin<br>\r\nPaid Amount: <br>\r\nPayment Status: Completed<br>\r\nShipping Status: Completed<br>\r\nPayment Id: 1516809013<br>\r\n            \r\n<br><b><u>Product Item 1</u></b><br>\r\nProduct Name: Star Wars Darth Vader<br>\r\nSize: S<br>\r\nColor: Red<br>\r\nQuantity: 3<br>\r\nUnit Price: 20<br>\r\n            \r\n<br><b><u>Product Item 2</u></b><br>\r\nProduct Name: Charismatic Red Cotton T-shirt for Men<br>\r\nSize: <br>\r\nColor: Yellow<br>\r\nQuantity: 2<br>\r\nUnit Price: 10<br>\r\n            ', 1),
(4, 'Very well website man!', 'This is a great oppotunity that you made a website for us. ', '\r\nCustomer Name: Morshedul Arefin<br>\r\nCustomer Email: arefin2k@gmail.com<br>\r\nPayment Date: 2018-01-23 09:12:03<br>\r\nTransaction Id: Morshedul Arefin<br>\r\nPaid Amount: 73X439878E771115E<br>\r\nPayment Status: Completed<br>\r\nShipping Status: Pending<br>\r\nPayment Id: 1516677123<br>\r\n            \r\n<b><u>Product Item 1</u></b><br>\r\nProduct Name: Star Wars Darth Vader<br>\r\nSize: S<br>\r\nColor: Red<br>\r\nQuantity: 2<br>\r\nUnit Price: 20<br>\r\n            \r\n<b><u>Product Item 2</u></b><br>\r\nProduct Name: Pant 1<br>\r\nSize: XS<br>\r\nColor: White<br>\r\nQuantity: 1<br>\r\nUnit Price: 12<br>\r\n            ', 1),
(6, 'sdfsdf', 'sdfsdfsdfsdf', '\r\nCustomer Name: Morshedul Arefin<br>\r\nCustomer Email: arefin2k@gmail.com<br>\r\nPayment Date: 2018-01-25 21:37:50<br>\r\nTransaction Id: Morshedul Arefin<br>\r\nPaid Amount: <br>\r\nPayment Status: Pending<br>\r\nShipping Status: Pending<br>\r\nPayment Id: 1516894670<br>\r\n            \r\n<br><b><u>Product Item 1</u></b><br>\r\nProduct Name: Star Wars Darth Vader<br>\r\nSize: S<br>\r\nColor: Red<br>\r\nQuantity: 1<br>\r\nUnit Price: 20<br>\r\n            ', 1),
(7, 'OK', 'THANK YOU', '\r\nCustomer Name: Morshedul Arefin<br>\r\nCustomer Email: arefin2k@gmail.com<br>\r\nPayment Method: Stripe<br>\r\nPayment Date: 2018-01-25 21:36:18<br>\r\nPayment Details: <br>\r\nTransaction Id: ch_1BoCm0BoKopKik6A5H4hB6zs<br>\r\nCard number: 4242424242424242<br>\r\nCard CVV: 444<br>\r\nCard Month: 12<br>\r\nCard Year: 2020<br>\r\n        		<br>\r\nPaid Amount: 20<br>\r\nPayment Status: Completed<br>\r\nShipping Status: Pending<br>\r\nPayment Id: 1516894578<br>\r\n            \r\n<br><b><u>Product Item 1</u></b><br>\r\nProduct Name: Star Wars Darth Vader<br>\r\nSize: S<br>\r\nColor: Red<br>\r\nQuantity: 1<br>\r\nUnit Price: 20<br>\r\n            ', 1),
(8, 'Product Shipped', 'Dear Customer,\r\n\r\nYour order has been shipped.\r\n\r\nLet us know when you have any question.\r\n\r\nBest regards,\r\nHammad Hassan', '\r\nCustomer Name: Hammad Hassan<br>\r\nCustomer Email: mc170200216@vu.edu.pk<br>\r\nPayment Method: PayPal<br>\r\nPayment Date: 2018-04-25 18:28:46<br>\r\nPayment Details: <br>\r\nTransaction Id: <br>\r\n        		<br>\r\nPaid Amount: 1<br>\r\nPayment Status: Completed<br>\r\nShipping Status: Completed<br>\r\nPayment Id: 1524666526<br>\r\n            \r\n<br><b><u>Product Item 1</u></b><br>\r\nProduct Name: Black Wool Beanie & Bobble Hat For Unisex<br>\r\nSize: <br>\r\nColor: Black<br>\r\nQuantity: 1<br>\r\nUnit Price: 1<br>\r\n            ', 5);

-- --------------------------------------------------------

--
-- Table structure for table `tbl_end_category`
--

CREATE TABLE `tbl_end_category` (
  `ecat_id` int(11) NOT NULL,
  `ecat_name` varchar(255) NOT NULL,
  `mcat_id` int(11) NOT NULL
) ENGINE=InnoDB DEFAULT CHARSET=latin1 COLLATE=latin1_swedish_ci;

--
-- Dumping data for table `tbl_end_category`
--

INSERT INTO `tbl_end_category` (`ecat_id`, `ecat_name`, `mcat_id`) VALUES
(1, 'Headwear ', 1),
(2, 'Sunglasses', 1),
(3, 'Watches', 1),
(4, 'Sandals', 2),
(5, 'Boots', 2),
(6, 'Tops', 3),
(7, 'T-Shirt', 3),
(8, 'Watches', 4),
(9, 'Sunglasses', 4),
(11, 'Sports Shoes', 2),
(12, 'Sandals', 6),
(13, 'Flat Shoes', 6),
(14, 'Hoodies', 7),
(15, 'Coats & Jackets', 7),
(16, 'Pants', 8),
(17, 'Jeans', 8),
(18, 'Joggers', 8),
(19, 'Shorts', 8),
(20, 'T-shirts', 9),
(21, 'Casual Shirts', 9),
(22, 'Formal Shirts', 9),
(23, 'Polo Shirts', 9),
(24, 'Vests', 9),
(25, 'Casual Shoes', 2),
(26, 'Boys', 10),
(27, 'Girls', 10),
(28, 'Boys', 11),
(29, 'Girls', 11),
(30, 'Boys', 12),
(31, 'Girls', 12),
(32, 'Dresses', 7),
(33, 'Tops', 7),
(34, 'T-Shirts & Vests', 7),
(35, 'Pants & Leggings', 7),
(36, 'Sportswear', 7),
(37, 'Plus Size Clothing', 7),
(38, 'Socks & Hosiery', 7),
(39, 'Fragrance', 3),
(40, 'Skincare', 3),
(41, 'Hair Care', 3),
(42, 'Jewellery', 4),
(43, 'Eyes Care', 3),
(44, 'Lips', 3),
(45, 'Face Care', 3),
(46, 'Gift Sets', 3),
(47, 'Scarves & Headwear', 4),
(48, 'Multipacks', 4),
(49, 'Other Accessories', 4),
(50, 'Pumps', 6),
(51, 'Sneakers', 6),
(52, 'Sports Shoes', 6),
(53, 'Boots', 6),
(54, 'Comfort Shoes', 6),
(55, 'Slippers & Casual Shoes', 6),
(56, 'Formal Shoes', 2),
(57, 'Belts', 1),
(58, 'Multipacks', 1),
(59, 'Other Accessories', 1),
(60, 'Bags', 4);

-- --------------------------------------------------------

--
-- Table structure for table `tbl_faq`
--

CREATE TABLE `tbl_faq` (
  `faq_id` int(11) NOT NULL,
  `faq_title` varchar(255) NOT NULL,
  `faq_content` text NOT NULL
) ENGINE=InnoDB DEFAULT CHARSET=latin1 COLLATE=latin1_swedish_ci;

--
-- Dumping data for table `tbl_faq`
--

INSERT INTO `tbl_faq` (`faq_id`, `faq_title`, `faq_content`) VALUES
(1, 'How to find an item on Fashionys.com?', '<h3 class=\"checkout-complete-box font-bold txt16\" style=\"box-sizing: inherit; text-rendering: optimizeLegibility; margin: 0.2rem 0px 0.5rem; padding: 0px; line-height: 1.4; background-color: rgb(250, 250, 250);\"><font color=\"#222222\" face=\"opensans, Helvetica Neue, Helvetica, Helvetica, Arial, sans-serif\"><span style=\"font-size: 15.7143px;\">We have a wide range of fabulous products to choose from.</span></font></h3><h3 class=\"checkout-complete-box font-bold txt16\" style=\"box-sizing: inherit; text-rendering: optimizeLegibility; margin: 0.2rem 0px 0.5rem; padding: 0px; line-height: 1.4; background-color: rgb(250, 250, 250);\"><span style=\"font-size: 15.7143px; color: rgb(34, 34, 34); font-family: opensans, &quot;Helvetica Neue&quot;, Helvetica, Helvetica, Arial, sans-serif;\">Tip 1: If you\'re looking for a specific product, use the keyword search box located at the top of the site. Simply type what you are looking for, and prepare to be amazed!</span></h3><h3 class=\"checkout-complete-box font-bold txt16\" style=\"box-sizing: inherit; text-rendering: optimizeLegibility; margin: 0.2rem 0px 0.5rem; padding: 0px; line-height: 1.4; background-color: rgb(250, 250, 250);\"><font color=\"#222222\" face=\"opensans, Helvetica Neue, Helvetica, Helvetica, Arial, sans-serif\"><span style=\"font-size: 15.7143px;\">Tip 2: If you want to explore a category of products, use the Shop Categories in the upper menu, and navigate through your favorite categories where we\'ll feature the best products in each.</span></font><br><br></h3>\r\n'),
(2, 'What is your return policy?', '<p><span style=\"color: rgb(10, 10, 10); font-family: opensans, &quot;Helvetica Neue&quot;, Helvetica, Helvetica, Arial, sans-serif; font-size: 14px; text-align: center;\">You have 15 days to make a refund request after your order has been delivered.</span><br></p>\r\n'),
(3, ' I received a defective/damaged item, can I get a refund?', '<p>In case the item you received is damaged or defective, you could return an item in the same condition as you received it with the original box and/or packaging intact. Once we receive the returned item, we will inspect it and if the item is found to be defective or damaged, we will process the refund along with any shipping fees incurred.<br></p>\r\n'),
(4, 'When are Returns not possible?', '<p class=\"a  \" style=\"box-sizing: inherit; text-rendering: optimizeLegibility; line-height: 1.6; margin-bottom: 0.714286rem; padding: 0px; font-size: 14px; color: rgb(10, 10, 10); font-family: opensans, &quot;Helvetica Neue&quot;, Helvetica, Helvetica, Arial, sans-serif; background-color: rgb(250, 250, 250);\">There are a few certain scenarios where it is difficult for us to support returns:</p><ol style=\"box-sizing: inherit; line-height: 1.6; margin-right: 0px; margin-bottom: 0px; margin-left: 1.25rem; padding: 0px; list-style-position: outside; color: rgb(10, 10, 10); font-family: opensans, &quot;Helvetica Neue&quot;, Helvetica, Helvetica, Arial, sans-serif; font-size: 14px; background-color: rgb(250, 250, 250);\"><li style=\"box-sizing: inherit; margin: 0px; padding: 0px; font-size: inherit;\">Return request is made outside the specified time frame, of 15 days from delivery.</li><li style=\"box-sizing: inherit; margin: 0px; padding: 0px; font-size: inherit;\">Product is used, damaged, or is not in the same condition as you received it.</li><li style=\"box-sizing: inherit; margin: 0px; padding: 0px; font-size: inherit;\">Specific categories like innerwear, lingerie, socks and clothing freebies etc.</li><li style=\"box-sizing: inherit; margin: 0px; padding: 0px; font-size: inherit;\">Defective products which are covered under the manufacturer\'s warranty.</li><li style=\"box-sizing: inherit; margin: 0px; padding: 0px; font-size: inherit;\">Any consumable item which has been used or installed.</li><li style=\"box-sizing: inherit; margin: 0px; padding: 0px; font-size: inherit;\">Products with tampered or missing serial numbers.</li><li style=\"box-sizing: inherit; margin: 0px; padding: 0px; font-size: inherit;\">Anything missing from the package you\'ve received including price tags, labels, original packing, freebies and accessories.</li><li style=\"box-sizing: inherit; margin: 0px; padding: 0px; font-size: inherit;\">Fragile items, hygiene related items.</li></ol>\r\n'),
(5, 'What are the items that cannot be returned?', '<p>The items that can not be returned are:</p><p>Clearance items clearly marked as such and displaying a No-Return Policy<br></p><p>When the offer notes states so specifically are items that cannot be returned.</p><p>Items that fall into the below product types-</p><ul><li>Underwear</li><li>Lingerie</li><li>Socks</li><li>Software</li><li>Music albums</li><li>Books</li><li>Swimwear</li><li>Beauty &amp; Fragrances</li><li>Hosiery</li></ul><p>Also, any consumable items that are used or installed cannot be returned. As outlined in consumer Protection Rights and concerning section on non-returnable items<br></p>');

-- --------------------------------------------------------

--
-- Table structure for table `tbl_language`
--

CREATE TABLE `tbl_language` (
  `lang_id` int(11) NOT NULL,
  `lang_name` varchar(255) NOT NULL,
  `lang_value` text NOT NULL
) ENGINE=MyISAM DEFAULT CHARSET=latin1 COLLATE=latin1_swedish_ci;

--
-- Dumping data for table `tbl_language`
--

INSERT INTO `tbl_language` (`lang_id`, `lang_name`, `lang_value`) VALUES
(1, 'Currency', '$'),
(2, 'Search Product', 'Search Product'),
(3, 'Search', 'Search'),
(4, 'Submit', 'Submit'),
(5, 'Update', 'Update'),
(6, 'Read More', 'Read More'),
(7, 'Serial', 'Serial'),
(8, 'Photo', 'Photo'),
(9, 'Login', 'Login'),
(10, 'Customer Login', 'Customer Login'),
(11, 'Click here to login', 'Click here to login'),
(12, 'Back to Login Page', 'Back to Login Page'),
(13, 'Logged in as', 'Logged in as'),
(14, 'Logout', 'Logout'),
(15, 'Register', 'Register'),
(16, 'Customer Registration', 'Customer Registration'),
(17, 'Registration Successful', 'Registration Successful'),
(18, 'Cart', 'Cart'),
(19, 'View Cart', 'View Cart'),
(20, 'Update Cart', 'Update Cart'),
(21, 'Back to Cart', 'Back to Cart'),
(22, 'Checkout', 'Checkout'),
(23, 'Proceed to Checkout', 'Proceed to Checkout'),
(24, 'Orders', 'Orders'),
(25, 'Order History', 'Order History'),
(26, 'Order Details', 'Order Details'),
(27, 'Payment Date and Time', 'Payment Date and Time'),
(28, 'Transaction ID', 'Transaction ID'),
(29, 'Paid Amount', 'Paid Amount'),
(30, 'Payment Status', 'Payment Status'),
(31, 'Payment Method', 'Payment Method'),
(32, 'Payment ID', 'Payment ID'),
(33, 'Payment Section', 'Payment Section'),
(34, 'Select Payment Method', 'Select Payment Method'),
(35, 'Select a Method', 'Select a Method'),
(36, 'PayPal', 'PayPal'),
(37, 'Stripe', 'Stripe'),
(38, 'Bank Deposit', 'Bank Deposit'),
(39, 'Card Number', 'Card Number'),
(40, 'CVV', 'CVV'),
(41, 'Month', 'Month'),
(42, 'Year', 'Year'),
(43, 'Send to this Details', 'Send to this Details'),
(44, 'Transaction Information', 'Transaction Information'),
(45, 'Include transaction id and other information correctly', 'Include transaction id and other information correctly'),
(46, 'Pay Now', 'Pay Now'),
(47, 'Product Name', 'Product Name'),
(48, 'Product Details', 'Product Details'),
(49, 'Categories', 'Categories'),
(50, 'Category:', 'Category:'),
(51, 'All Products Under', 'All Products Under'),
(52, 'Select Size', 'Select Size'),
(53, 'Select Color', 'Select Color'),
(54, 'Product Price', 'Product Price'),
(55, 'Quantity', 'Quantity'),
(56, 'Out of Stock', 'Out of Stock'),
(57, 'Share This', 'Share This'),
(58, 'Share This Product', 'Share This Product'),
(59, 'Product Description', 'Product Description'),
(60, 'Features', 'Features'),
(61, 'Conditions', 'Conditions'),
(62, 'Return Policy', 'Return Policy'),
(63, 'Reviews', 'Reviews'),
(64, 'Review', 'Review'),
(65, 'Give a Review', 'Give a Review'),
(66, 'Write your comment (Optional)', 'Write your comment (Optional)'),
(67, 'Submit Review', 'Submit Review'),
(68, 'You already have given a rating!', 'You already have given a rating!'),
(69, 'You must have to login to give a review', 'You must have to login to give a review'),
(70, 'No description found', 'No description found'),
(71, 'No feature found', 'No feature found'),
(72, 'No condition found', 'No condition found'),
(73, 'No return policy found', 'No return policy found'),
(74, 'No Review is Found', 'No Review is Found'),
(75, 'Customer Name', 'Customer Name'),
(76, 'Comment', 'Comment'),
(77, 'Comments', 'Comments'),
(78, 'Rating', 'Rating'),
(79, 'Previous', 'Previous'),
(80, 'Next', 'Next'),
(81, 'Sub Total', 'Sub Total'),
(82, 'Total', 'Total'),
(83, 'Action', 'Action'),
(84, 'Shipping Cost', 'Shipping Cost'),
(85, 'Continue Shipping', 'Continue Shipping'),
(86, 'Update Billing Address', 'Update Billing Address'),
(87, 'Update Shipping Address', 'Update Shipping Address'),
(88, 'Update Billing and Shipping Info', 'Update Billing and Shipping Info'),
(89, 'Dashboard', 'Dashboard'),
(90, 'Welcome to the Dashboard', 'Welcome to the Dashboard'),
(91, 'Back to Dashboard', 'Back to Dashboard'),
(92, 'Subscribe', 'Subscribe'),
(93, 'Subscribe To Our Newsletter', 'Subscribe To Our Newsletter'),
(94, 'Email Address', 'Email Address'),
(95, 'Enter Your Email Address', 'Enter Your Email Address'),
(96, 'Password', 'Password'),
(97, 'Forget Password', 'Forget Password'),
(98, 'Retype Password', 'Retype Password'),
(99, 'Update Password', 'Update Password'),
(100, 'New Password', 'New Password'),
(101, 'Retype New Password', 'Retype New Password'),
(102, 'Full Name', 'Full Name'),
(103, 'Company Name', 'Company Name'),
(104, 'Phone Number', 'Phone Number'),
(105, 'Address', 'Address'),
(106, 'Country', 'Country'),
(107, 'City', 'City'),
(108, 'State', 'State'),
(109, 'Zip Code', 'Zip Code'),
(110, 'About Us', 'About Us'),
(111, 'Featured Posts', 'Featured Posts'),
(112, 'Popular Posts', 'Popular Posts'),
(113, 'Recent Posts', 'Recent Posts'),
(114, 'Contact Information', 'Contact Information'),
(115, 'Contact Form', 'Contact Form'),
(116, 'Our Office', 'Our Office'),
(117, 'Update Profile', 'Update Profile'),
(118, 'Send Message', 'Send Message'),
(119, 'Message', 'Message'),
(120, 'Find Us On Map', 'Find Us On Map'),
(121, 'Congratulation! Payment is successful.', 'Congratulation! Payment is successful.'),
(122, 'Billing and Shipping Information is updated successfully.', 'Billing and Shipping Information is updated successfully.'),
(123, 'Customer Name can not be empty.', 'Customer Name can not be empty.'),
(124, 'Phone Number can not be empty.', 'Phone Number can not be empty.'),
(125, 'Address can not be empty.', 'Address can not be empty.'),
(126, 'You must have to select a country.', 'You must have to select a country.'),
(127, 'City can not be empty.', 'City can not be empty.'),
(128, 'State can not be empty.', 'State can not be empty.'),
(129, 'Zip Code can not be empty.', 'Zip Code can not be empty.'),
(130, 'Profile Information is updated successfully.', 'Profile Information is updated successfully.'),
(131, 'Email Address can not be empty', 'Email Address can not be empty'),
(132, 'Email and/or Password can not be empty.', 'Email and/or Password can not be empty.'),
(133, 'Email Address does not match.', 'Email Address does not match.'),
(134, 'Email address must be valid.', 'Email address must be valid.'),
(135, 'You email address is not found in our system.', 'You email address is not found in our system.'),
(136, 'Please check your email and confirm your subscription.', 'Please check your email and confirm your subscription.'),
(137, 'Your email is verified successfully. You can now login to our website.', 'Your email is verified successfully. You can now login to our website.'),
(138, 'Password can not be empty.', 'Password can not be empty.'),
(139, 'Passwords do not match.', 'Passwords do not match.'),
(140, 'Please enter new and retype passwords.', 'Please enter new and retype passwords.'),
(141, 'Password is updated successfully.', 'Password is updated successfully.'),
(142, 'To reset your password, please click on the link below.', 'To reset your password, please click on the link below.'),
(143, 'PASSWORD RESET REQUEST - YOUR WEBSITE.COM', 'PASSWORD RESET REQUEST - YOUR WEBSITE.COM'),
(144, 'The password reset email time (24 hours) has expired. Please again try to reset your password.', 'The password reset email time (24 hours) has expired. Please again try to reset your password.'),
(145, 'A confirmation link is sent to your email address. You will get the password reset information in there.', 'A confirmation link is sent to your email address. You will get the password reset information in there.'),
(146, 'Password is reset successfully. You can now login.', 'Password is reset successfully. You can now login.'),
(147, 'Email Address Already Exists', 'Email Address Already Exists.'),
(148, 'Sorry! Your account is inactive. Please contact to the administrator.', 'Sorry! Your account is inactive. Please contact to the administrator.'),
(149, 'Change Password', 'Change Password'),
(150, 'Registration Email Confirmation for YOUR WEBSITE', 'Registration Email Confirmation for YOUR WEBSITE.'),
(151, 'Thank you for your registration! Your account has been created. To active your account click on the link below:', 'Thank you for your registration! Your account has been created. To active your account click on the link below:'),
(152, 'Your registration is completed. Please check your email address to follow the process to confirm your registration.', 'Your registration is completed. Please check your email address to follow the process to confirm your registration.'),
(153, 'No Product Found', 'No Product Found'),
(154, 'Add to Cart', 'Add to Cart'),
(155, 'Related Products', 'Related Products'),
(156, 'See all related products from below', 'See all the related products from below'),
(157, 'Size', 'Size'),
(158, 'Color', 'Color'),
(159, 'Price', 'Price'),
(160, 'Please login as customer to checkout', 'Please login as customer to checkout'),
(161, 'Billing Address', 'Billing Address'),
(162, 'Shipping Address', 'Shipping Address'),
(163, 'Rating is Submitted Successfully!', 'Rating is Submitted Successfully!');

-- --------------------------------------------------------

--
-- Table structure for table `tbl_mid_category`
--

CREATE TABLE `tbl_mid_category` (
  `mcat_id` int(11) NOT NULL,
  `mcat_name` varchar(255) NOT NULL,
  `tcat_id` int(11) NOT NULL
) ENGINE=InnoDB DEFAULT CHARSET=latin1 COLLATE=latin1_swedish_ci;

--
-- Dumping data for table `tbl_mid_category`
--

INSERT INTO `tbl_mid_category` (`mcat_id`, `mcat_name`, `tcat_id`) VALUES
(1, 'Men Accessories', 1),
(2, 'Men\'s Shoes', 1),
(3, 'Beauty Products', 2),
(4, 'Accessories', 2),
(6, 'Shoes', 2),
(7, 'Clothing', 2),
(8, 'Bottoms', 1),
(9, 'T-shirts & Shirts', 1),
(10, 'Clothing', 3),
(11, 'Shoes', 3),
(12, 'Accessories', 3);

-- --------------------------------------------------------

--
-- Table structure for table `tbl_order`
--

CREATE TABLE `tbl_order` (
  `id` int(11) NOT NULL,
  `product_id` int(11) NOT NULL,
  `product_name` varchar(255) NOT NULL,
  `size` varchar(100) NOT NULL,
  `color` varchar(100) NOT NULL,
  `quantity` varchar(50) NOT NULL,
  `unit_price` varchar(50) NOT NULL,
  `payment_id` varchar(255) NOT NULL
) ENGINE=InnoDB DEFAULT CHARSET=latin1 COLLATE=latin1_swedish_ci;

--
-- Dumping data for table `tbl_order`
--

INSERT INTO `tbl_order` (`id`, `product_id`, `product_name`, `size`, `color`, `quantity`, `unit_price`, `payment_id`) VALUES
(50, 81, 'Black Wool Beanie & Bobble Hat For Unisex', '', 'Black', '1', '1', '1524666526');

-- --------------------------------------------------------

--
-- Table structure for table `tbl_page`
--

CREATE TABLE `tbl_page` (
  `id` int(11) NOT NULL,
  `about_title` varchar(255) NOT NULL,
  `about_content` text NOT NULL,
  `about_banner` varchar(255) NOT NULL,
  `about_meta_title` varchar(255) NOT NULL,
  `about_meta_keyword` text NOT NULL,
  `about_meta_description` text NOT NULL,
  `faq_title` varchar(255) NOT NULL,
  `faq_banner` varchar(255) NOT NULL,
  `faq_meta_title` varchar(255) NOT NULL,
  `faq_meta_keyword` text NOT NULL,
  `faq_meta_description` text NOT NULL,
  `blog_title` varchar(255) NOT NULL,
  `blog_banner` varchar(255) NOT NULL,
  `blog_meta_title` varchar(255) NOT NULL,
  `blog_meta_keyword` text NOT NULL,
  `blog_meta_description` text NOT NULL,
  `contact_title` varchar(255) NOT NULL,
  `contact_banner` varchar(255) NOT NULL,
  `contact_meta_title` varchar(255) NOT NULL,
  `contact_meta_keyword` text NOT NULL,
  `contact_meta_description` text NOT NULL,
  `pgallery_title` varchar(255) NOT NULL,
  `pgallery_banner` varchar(255) NOT NULL,
  `pgallery_meta_title` varchar(255) NOT NULL,
  `pgallery_meta_keyword` text NOT NULL,
  `pgallery_meta_description` text NOT NULL,
  `vgallery_title` varchar(255) NOT NULL,
  `vgallery_banner` varchar(255) NOT NULL,
  `vgallery_meta_title` varchar(255) NOT NULL,
  `vgallery_meta_keyword` text NOT NULL,
  `vgallery_meta_description` text NOT NULL
) ENGINE=InnoDB DEFAULT CHARSET=latin1 COLLATE=latin1_swedish_ci;

--
-- Dumping data for table `tbl_page`
--

INSERT INTO `tbl_page` (`id`, `about_title`, `about_content`, `about_banner`, `about_meta_title`, `about_meta_keyword`, `about_meta_description`, `faq_title`, `faq_banner`, `faq_meta_title`, `faq_meta_keyword`, `faq_meta_description`, `blog_title`, `blog_banner`, `blog_meta_title`, `blog_meta_keyword`, `blog_meta_description`, `contact_title`, `contact_banner`, `contact_meta_title`, `contact_meta_keyword`, `contact_meta_description`, `pgallery_title`, `pgallery_banner`, `pgallery_meta_title`, `pgallery_meta_keyword`, `pgallery_meta_description`, `vgallery_title`, `vgallery_banner`, `vgallery_meta_title`, `vgallery_meta_keyword`, `vgallery_meta_description`) VALUES
(1, 'About Us', '<p style=\"text-align: justify; \"><font face=\"apercu, Arial, sans-serif\"><span style=\"font-size: 14px;\"><b>Fashionys.com</b> has made you shine on your special days specially for beautiful women. Our goal has always been to celebrate YOU! To get the best in you we brought a huge collection whether youre attending a party, wedding, and all those events that require a WOW dress.</span></font></p><p style=\"text-align: justify; \"><font face=\"apercu, Arial, sans-serif\"><span style=\"font-size: 14px;\"><b>About Us</b></span></font></p><p style=\"text-align: justify; \"><span style=\"font-family: apercu, Arial, sans-serif; font-size: 14px; font-weight: 700;\">Fashionys.com</span><font face=\"apercu, Arial, sans-serif\"><span style=\"font-size: 14px;\">&nbsp;is a new fashion shopping site which brings trendy fashion products at addictive prices. We feel fashion is not what you wear but how you feel, so Keeping this in mind, we brought you the designer wear clothing comprising a wide range of designs, style and prints to meet your every mood, whim and fancy.</span></font></p><p style=\"text-align: justify; \"><span style=\"font-size: 14px; font-family: apercu, Arial, sans-serif;\"><b>Our Vision</b></span><br></p><p style=\"text-align: justify; \"><span style=\"font-size: 14px; font-family: apercu, Arial, sans-serif;\">Our vision is to Introduce the beauty in you with your beautiful smile to the world with the best online shopping experience. Weve the handpicked collection of clothes for women to suit them based on their body type, skin tone, budget and style preferences. We aim to bring our customers a wholesome real time trendy shopping experience, providing them with all the information they need regarding fit, comfort, fabric and everything else on their mind for each and every product in our collections, through size charts. Also, includes introducing new designs, styles and categories along with all the fashion happening.</span><br></p><p style=\"text-align: justify; \"><span style=\"font-weight: 700; font-family: apercu, Arial, sans-serif; font-size: 14px;\">Why Fashionys.com</span><font face=\"apercu, Arial, sans-serif\"><span style=\"font-size: 14px;\">?</span></font></p><p style=\"text-align: justify; \"><span style=\"font-family: apercu, Arial, sans-serif; font-size: 14px; font-weight: 700;\">Fashionys.com</span><font face=\"apercu, Arial, sans-serif\"><span style=\"font-size: 14px;\">&nbsp;has a large collection of sarees, kurta kurtis, dress material, dresses, tops, leggings and more. All the collection on our site is completely designer wear upgrading with new trends and look in the market with the largest catalogue of womens fashion. We keep enhancing our technology and product assortment to ensure that you get the most delightful shopping experience by every woman.</span></font></p><p style=\"text-align: justify; \"><font face=\"apercu, Arial, sans-serif\"><span style=\"font-size: 14px;\">We make sure you get the best quality outfits with hassle free returns and exchanges policy. We ensure what you see is exactly what you get!</span></font></p><ul><li style=\"text-align: justify;\"><font face=\"apercu, Arial, sans-serif\"><span style=\"font-size: 14px;\">Low Price Guarantee</span></font></li><li style=\"text-align: justify;\"><font face=\"apercu, Arial, sans-serif\"><span style=\"font-size: 14px;\">If you find a lower price on any dress we carry online, we will match it!</span></font></li><li style=\"text-align: justify;\"><font face=\"apercu, Arial, sans-serif\"><span style=\"font-size: 14px;\">24/7 Customer Support</span></font></li><li style=\"text-align: justify;\"><font face=\"apercu, Arial, sans-serif\"><span style=\"font-size: 14px;\">E-Mail  Text  Call</span></font></li><li style=\"text-align: justify;\"><font face=\"apercu, Arial, sans-serif\"><span style=\"font-size: 14px;\">We are here for you 24/7 online and via phone.</span></font></li><li style=\"text-align: justify;\"><font face=\"apercu, Arial, sans-serif\"><span style=\"font-size: 14px;\">Sizing &amp; Color</span></font></li><li style=\"text-align: justify;\"><font face=\"apercu, Arial, sans-serif\"><span style=\"font-size: 14px;\">We carry an array of colors and sizes.</span></font></li><li style=\"text-align: justify;\"><font face=\"apercu, Arial, sans-serif\"><span style=\"font-size: 14px;\">Worldwide Shipping</span></font></li><li style=\"text-align: justify;\"><font face=\"apercu, Arial, sans-serif\"><span style=\"font-size: 14px;\">Unfortunately, No. Were providing our service only throughout India.</span></font></li><li style=\"text-align: justify;\"><font face=\"apercu, Arial, sans-serif\"><span style=\"font-size: 14px;\">Wed love to expand our business Internationally soon.</span></font></li><li style=\"text-align: justify;\"><font face=\"apercu, Arial, sans-serif\"><span style=\"font-size: 14px;\">Easy Returns</span></font></li></ul><p style=\"text-align: justify; \"><font face=\"apercu, Arial, sans-serif\"><span style=\"font-size: 14px;\">Bought an outfit but want to return it? We have a 3 days easy return policy. Please mail us at support@fashionys.com for more details.</span></font></p><p style=\"text-align: justify; \"><font face=\"apercu, Arial, sans-serif\"><span style=\"font-size: 14px;\"><b>Dream Dresses for Every Occasion</b></span></font></p><p style=\"text-align: justify; \"><font face=\"apercu, Arial, sans-serif\"><span style=\"font-size: 14px;\">Fashionys.com carries all carefully handpicked by our stylists. If youre interested in a particular model please mail us we will try our best to offer you the loved dress.</span></font></p><p style=\"text-align: justify; \"><font face=\"apercu, Arial, sans-serif\"><span style=\"font-size: 14px;\"><b>Verified Security</b></span></font></p><p style=\"text-align: justify; \"><font face=\"apercu, Arial, sans-serif\"><span style=\"font-size: 14px;\">All our transactions are Verified by Norton and with the highest standards of security.Plus, there is a lot to go around too through regular exciting offers and gifts, so spread the word and refer us to everyone from your family, friends and colleagues and get rewarded for it. And to top it all, you can share your user experience by posting reviews. Dont wait any longer Sign up with us now! start stalking, start buying and start loving and start Introducing the beauty in you.</span></font></p>\r\n', 'about-banner.jpg', 'Fashionys.com - About Us', 'about, about us, about fashion, about company, about fashionys', 'Fashionys.com has made you shine on your special days specially for beautiful women. Our goal has always been to celebrate YOU! To get the best in you we brought a huge collection whether youre attending a party, wedding, and all those events that require a WOW dress.', 'FAQ', 'faq-banner.jpg', 'Fashionys.com - FAQ', '', '', 'Blog', 'blog-banner.jpg', 'Ecommerce - Blog', '', '', 'Contact Us', 'contact-banner.jpg', 'Fashionys.com - Contact', '', '', 'Photo Gallery', 'pgallery-banner.jpg', 'Ecommerce - Photo Gallery', '', '', 'Video Gallery', 'vgallery-banner.jpg', 'Ecommerce - Video Gallery', '', '');

-- --------------------------------------------------------

--
-- Table structure for table `tbl_payment`
--

CREATE TABLE `tbl_payment` (
  `id` int(11) NOT NULL,
  `customer_id` int(11) NOT NULL,
  `customer_name` varchar(255) NOT NULL,
  `customer_email` varchar(255) NOT NULL,
  `payment_date` varchar(50) NOT NULL,
  `txnid` varchar(255) NOT NULL,
  `paid_amount` int(11) NOT NULL,
  `card_number` varchar(50) NOT NULL,
  `card_cvv` varchar(10) NOT NULL,
  `card_month` varchar(10) NOT NULL,
  `card_year` varchar(10) NOT NULL,
  `bank_transaction_info` text NOT NULL,
  `payment_method` varchar(20) NOT NULL,
  `payment_status` varchar(25) NOT NULL,
  `shipping_status` varchar(20) NOT NULL,
  `payment_id` varchar(255) NOT NULL
) ENGINE=MyISAM DEFAULT CHARSET=latin1 COLLATE=latin1_swedish_ci;

--
-- Dumping data for table `tbl_payment`
--

INSERT INTO `tbl_payment` (`id`, `customer_id`, `customer_name`, `customer_email`, `payment_date`, `txnid`, `paid_amount`, `card_number`, `card_cvv`, `card_month`, `card_year`, `bank_transaction_info`, `payment_method`, `payment_status`, `shipping_status`, `payment_id`) VALUES
(45, 5, 'Hammad Hassan', 'mc170200216@vu.edu.pk', '2018-04-24 15:07:35', '', 46, '', '', '', '', 'Bank Deposit Information\r\n', 'Bank Deposit', 'Completed', 'Completed', '1524568055'),
(46, 5, 'Hammad Hassan', 'mc170200216@vu.edu.pk', '2018-04-25 18:28:46', '', 1, '', '', '', '', '', 'PayPal', 'Completed', 'Completed', '1524666526');

-- --------------------------------------------------------

--
-- Table structure for table `tbl_photo`
--

CREATE TABLE `tbl_photo` (
  `id` int(11) NOT NULL,
  `caption` varchar(255) NOT NULL,
  `photo` varchar(255) NOT NULL
) ENGINE=InnoDB DEFAULT CHARSET=latin1 COLLATE=latin1_swedish_ci;

--
-- Dumping data for table `tbl_photo`
--

INSERT INTO `tbl_photo` (`id`, `caption`, `photo`) VALUES
(1, 'Photo 1', 'photo-1.jpg'),
(2, 'Photo 2', 'photo-2.jpg'),
(3, 'Photo 3', 'photo-3.jpg'),
(4, 'Photo 4', 'photo-4.jpg'),
(5, 'Photo 5', 'photo-5.jpg'),
(6, 'Photo 6', 'photo-6.jpg');

-- --------------------------------------------------------

--
-- Table structure for table `tbl_post`
--

CREATE TABLE `tbl_post` (
  `post_id` int(11) NOT NULL,
  `post_title` varchar(255) NOT NULL,
  `post_slug` varchar(255) NOT NULL,
  `post_content` text NOT NULL,
  `post_date` varchar(255) NOT NULL,
  `photo` varchar(255) NOT NULL,
  `category_id` int(11) NOT NULL,
  `total_view` int(11) NOT NULL,
  `meta_title` varchar(255) NOT NULL,
  `meta_keyword` text NOT NULL,
  `meta_description` text NOT NULL
) ENGINE=InnoDB DEFAULT CHARSET=latin1 COLLATE=latin1_swedish_ci;

--
-- Dumping data for table `tbl_post`
--

INSERT INTO `tbl_post` (`post_id`, `post_title`, `post_slug`, `post_content`, `post_date`, `photo`, `category_id`, `total_view`, `meta_title`, `meta_keyword`, `meta_description`) VALUES
(1, 'Cu vel choro exerci pri et oratio iisque', 'cu-vel-choro-exerci-pri-et-oratio-iisque', '<p>Lorem ipsum dolor sit amet, qui case probo velit no, an postea scaevola partiendo mei. Id mea fuisset perpetua referrentur. Ut everti ceteros mei, alii discere eum no, duo id malis iuvaret. Ad sint everti accusam vel, ea viderer suscipiantur pri. Brute option minimum in cum, ignota iuvaret an pro.</p>\r\n\r\n<p>Solum atqui intellegebat mea an. Ne ius alterum aliquam. Ea nec populo aliquid mentitum, vis in meliore atomorum, sanctus consequat vituperatoribus duo ea. Ad doctus pertinacia ius, virtute fuisset id has, eum ut modo principes. Qui eu labore adversarium, oporteat delicata qui ut, an qui meliore principes. Id aliquid dolorum nam.</p>\r\n\r\n<p>Reque pericula philosophia ut mei, volumus eligendi mandamus has an. In nobis consulatu pri, has at timeam scaevola, has simul quaeque et. Te nec sale accumsan. Dolorem prodesset efficiendi sea ea.</p>\r\n\r\n<p>Et habeo modus debitis pri, vel quis fierent albucius ne. Ea animal meliore usu, nec etiam dolorum atomorum at, nam in audire mandamus omittantur. Cu ius dicam officiis molestiae, mea volumus officiis cotidieque no. Ut vel possim interpretaris, idque probatus antiopam has ad. Facilisi qualisque te sea, no dolorum mnesarchum usu.</p>\r\n\r\n<p>Eum tota graeci impetus an, eirmod invenire rationibus ne mel. Ignota habemus eum ex, vis omnesque delicata perpetua an. Sit id modo invidunt sapientem, ne eum vocibus dolores phaedrum. Case praesent appellantur eu per.</p>\r\n', '05-09-2017', 'news-1.jpg', 3, 14, 'Cu vel choro exerci pri et oratio iisque', '', ''),
(2, 'Epicurei necessitatibus eu facilisi postulant ', 'epicurei-necessitatibus-eu-facilisi-postulant-', '<p>Lorem ipsum dolor sit amet, qui case probo velit no, an postea scaevola partiendo mei. Id mea fuisset perpetua referrentur. Ut everti ceteros mei, alii discere eum no, duo id malis iuvaret. Ad sint everti accusam vel, ea viderer suscipiantur pri. Brute option minimum in cum, ignota iuvaret an pro.</p>\r\n\r\n<p>Solum atqui intellegebat mea an. Ne ius alterum aliquam. Ea nec populo aliquid mentitum, vis in meliore atomorum, sanctus consequat vituperatoribus duo ea. Ad doctus pertinacia ius, virtute fuisset id has, eum ut modo principes. Qui eu labore adversarium, oporteat delicata qui ut, an qui meliore principes. Id aliquid dolorum nam.</p>\r\n\r\n<p>Reque pericula philosophia ut mei, volumus eligendi mandamus has an. In nobis consulatu pri, has at timeam scaevola, has simul quaeque et. Te nec sale accumsan. Dolorem prodesset efficiendi sea ea.</p>\r\n\r\n<p>Et habeo modus debitis pri, vel quis fierent albucius ne. Ea animal meliore usu, nec etiam dolorum atomorum at, nam in audire mandamus omittantur. Cu ius dicam officiis molestiae, mea volumus officiis cotidieque no. Ut vel possim interpretaris, idque probatus antiopam has ad. Facilisi qualisque te sea, no dolorum mnesarchum usu.</p>\r\n\r\n<p>Eum tota graeci impetus an, eirmod invenire rationibus ne mel. Ignota habemus eum ex, vis omnesque delicata perpetua an. Sit id modo invidunt sapientem, ne eum vocibus dolores phaedrum. Case praesent appellantur eu per.</p>\r\n', '05-09-2017', 'news-2.jpg', 3, 6, 'Epicurei necessitatibus eu facilisi postulant ', '', ''),
(3, 'Mei ut errem legimus periculis eos liber', 'mei-ut-errem-legimus-periculis-eos-liber', '<p>Lorem ipsum dolor sit amet, qui case probo velit no, an postea scaevola partiendo mei. Id mea fuisset perpetua referrentur. Ut everti ceteros mei, alii discere eum no, duo id malis iuvaret. Ad sint everti accusam vel, ea viderer suscipiantur pri. Brute option minimum in cum, ignota iuvaret an pro.</p>\r\n\r\n<p>Solum atqui intellegebat mea an. Ne ius alterum aliquam. Ea nec populo aliquid mentitum, vis in meliore atomorum, sanctus consequat vituperatoribus duo ea. Ad doctus pertinacia ius, virtute fuisset id has, eum ut modo principes. Qui eu labore adversarium, oporteat delicata qui ut, an qui meliore principes. Id aliquid dolorum nam.</p>\r\n\r\n<p>Reque pericula philosophia ut mei, volumus eligendi mandamus has an. In nobis consulatu pri, has at timeam scaevola, has simul quaeque et. Te nec sale accumsan. Dolorem prodesset efficiendi sea ea.</p>\r\n\r\n<p>Et habeo modus debitis pri, vel quis fierent albucius ne. Ea animal meliore usu, nec etiam dolorum atomorum at, nam in audire mandamus omittantur. Cu ius dicam officiis molestiae, mea volumus officiis cotidieque no. Ut vel possim interpretaris, idque probatus antiopam has ad. Facilisi qualisque te sea, no dolorum mnesarchum usu.</p>\r\n\r\n<p>Eum tota graeci impetus an, eirmod invenire rationibus ne mel. Ignota habemus eum ex, vis omnesque delicata perpetua an. Sit id modo invidunt sapientem, ne eum vocibus dolores phaedrum. Case praesent appellantur eu per.</p>\r\n', '05-09-2017', 'news-3.jpg', 3, 1, 'Mei ut errem legimus periculis eos liber', '', ''),
(4, 'Id pro unum pertinax oportere vel', 'id-pro-unum-pertinax-oportere-vel', '<p>Lorem ipsum dolor sit amet, qui case probo velit no, an postea scaevola partiendo mei. Id mea fuisset perpetua referrentur. Ut everti ceteros mei, alii discere eum no, duo id malis iuvaret. Ad sint everti accusam vel, ea viderer suscipiantur pri. Brute option minimum in cum, ignota iuvaret an pro.</p>\r\n\r\n<p>Solum atqui intellegebat mea an. Ne ius alterum aliquam. Ea nec populo aliquid mentitum, vis in meliore atomorum, sanctus consequat vituperatoribus duo ea. Ad doctus pertinacia ius, virtute fuisset id has, eum ut modo principes. Qui eu labore adversarium, oporteat delicata qui ut, an qui meliore principes. Id aliquid dolorum nam.</p>\r\n\r\n<p>Reque pericula philosophia ut mei, volumus eligendi mandamus has an. In nobis consulatu pri, has at timeam scaevola, has simul quaeque et. Te nec sale accumsan. Dolorem prodesset efficiendi sea ea.</p>\r\n\r\n<p>Et habeo modus debitis pri, vel quis fierent albucius ne. Ea animal meliore usu, nec etiam dolorum atomorum at, nam in audire mandamus omittantur. Cu ius dicam officiis molestiae, mea volumus officiis cotidieque no. Ut vel possim interpretaris, idque probatus antiopam has ad. Facilisi qualisque te sea, no dolorum mnesarchum usu.</p>\r\n\r\n<p>Eum tota graeci impetus an, eirmod invenire rationibus ne mel. Ignota habemus eum ex, vis omnesque delicata perpetua an. Sit id modo invidunt sapientem, ne eum vocibus dolores phaedrum. Case praesent appellantur eu per.</p>\r\n', '05-09-2017', 'news-4.jpg', 4, 0, 'Id pro unum pertinax oportere vel', '', ''),
(5, 'Tollit cetero cu usu etiam evertitur', 'tollit-cetero-cu-usu-etiam-evertitur', '<p>Lorem ipsum dolor sit amet, qui case probo velit no, an postea scaevola partiendo mei. Id mea fuisset perpetua referrentur. Ut everti ceteros mei, alii discere eum no, duo id malis iuvaret. Ad sint everti accusam vel, ea viderer suscipiantur pri. Brute option minimum in cum, ignota iuvaret an pro.</p>\r\n\r\n<p>Solum atqui intellegebat mea an. Ne ius alterum aliquam. Ea nec populo aliquid mentitum, vis in meliore atomorum, sanctus consequat vituperatoribus duo ea. Ad doctus pertinacia ius, virtute fuisset id has, eum ut modo principes. Qui eu labore adversarium, oporteat delicata qui ut, an qui meliore principes. Id aliquid dolorum nam.</p>\r\n\r\n<p>Reque pericula philosophia ut mei, volumus eligendi mandamus has an. In nobis consulatu pri, has at timeam scaevola, has simul quaeque et. Te nec sale accumsan. Dolorem prodesset efficiendi sea ea.</p>\r\n\r\n<p>Et habeo modus debitis pri, vel quis fierent albucius ne. Ea animal meliore usu, nec etiam dolorum atomorum at, nam in audire mandamus omittantur. Cu ius dicam officiis molestiae, mea volumus officiis cotidieque no. Ut vel possim interpretaris, idque probatus antiopam has ad. Facilisi qualisque te sea, no dolorum mnesarchum usu.</p>\r\n\r\n<p>Eum tota graeci impetus an, eirmod invenire rationibus ne mel. Ignota habemus eum ex, vis omnesque delicata perpetua an. Sit id modo invidunt sapientem, ne eum vocibus dolores phaedrum. Case praesent appellantur eu per.</p>\r\n', '05-09-2017', 'news-5.jpg', 4, 24, 'Tollit cetero cu usu etiam evertitur', '', ''),
(6, 'Omnes ornatus qui et te aeterno', 'omnes-ornatus-qui-et-te-aeterno', '<p>Lorem ipsum dolor sit amet, qui case probo velit no, an postea scaevola partiendo mei. Id mea fuisset perpetua referrentur. Ut everti ceteros mei, alii discere eum no, duo id malis iuvaret. Ad sint everti accusam vel, ea viderer suscipiantur pri. Brute option minimum in cum, ignota iuvaret an pro.</p>\r\n\r\n<p>Solum atqui intellegebat mea an. Ne ius alterum aliquam. Ea nec populo aliquid mentitum, vis in meliore atomorum, sanctus consequat vituperatoribus duo ea. Ad doctus pertinacia ius, virtute fuisset id has, eum ut modo principes. Qui eu labore adversarium, oporteat delicata qui ut, an qui meliore principes. Id aliquid dolorum nam.</p>\r\n\r\n<p>Reque pericula philosophia ut mei, volumus eligendi mandamus has an. In nobis consulatu pri, has at timeam scaevola, has simul quaeque et. Te nec sale accumsan. Dolorem prodesset efficiendi sea ea.</p>\r\n\r\n<p>Et habeo modus debitis pri, vel quis fierent albucius ne. Ea animal meliore usu, nec etiam dolorum atomorum at, nam in audire mandamus omittantur. Cu ius dicam officiis molestiae, mea volumus officiis cotidieque no. Ut vel possim interpretaris, idque probatus antiopam has ad. Facilisi qualisque te sea, no dolorum mnesarchum usu.</p>\r\n\r\n<p>Eum tota graeci impetus an, eirmod invenire rationibus ne mel. Ignota habemus eum ex, vis omnesque delicata perpetua an. Sit id modo invidunt sapientem, ne eum vocibus dolores phaedrum. Case praesent appellantur eu per.</p>\r\n', '05-09-2017', 'news-6.jpg', 4, 2, 'Omnes ornatus qui et te aeterno', '', ''),
(7, 'Vix tale noluisse voluptua ad ne', 'vix-tale-noluisse-voluptua-ad-ne', '<p>Lorem ipsum dolor sit amet, qui case probo velit no, an postea scaevola partiendo mei. Id mea fuisset perpetua referrentur. Ut everti ceteros mei, alii discere eum no, duo id malis iuvaret. Ad sint everti accusam vel, ea viderer suscipiantur pri. Brute option minimum in cum, ignota iuvaret an pro.</p>\r\n\r\n<p>Solum atqui intellegebat mea an. Ne ius alterum aliquam. Ea nec populo aliquid mentitum, vis in meliore atomorum, sanctus consequat vituperatoribus duo ea. Ad doctus pertinacia ius, virtute fuisset id has, eum ut modo principes. Qui eu labore adversarium, oporteat delicata qui ut, an qui meliore principes. Id aliquid dolorum nam.</p>\r\n\r\n<p>Reque pericula philosophia ut mei, volumus eligendi mandamus has an. In nobis consulatu pri, has at timeam scaevola, has simul quaeque et. Te nec sale accumsan. Dolorem prodesset efficiendi sea ea.</p>\r\n\r\n<p>Et habeo modus debitis pri, vel quis fierent albucius ne. Ea animal meliore usu, nec etiam dolorum atomorum at, nam in audire mandamus omittantur. Cu ius dicam officiis molestiae, mea volumus officiis cotidieque no. Ut vel possim interpretaris, idque probatus antiopam has ad. Facilisi qualisque te sea, no dolorum mnesarchum usu.</p>\r\n\r\n<p>Eum tota graeci impetus an, eirmod invenire rationibus ne mel. Ignota habemus eum ex, vis omnesque delicata perpetua an. Sit id modo invidunt sapientem, ne eum vocibus dolores phaedrum. Case praesent appellantur eu per.</p>\r\n', '05-09-2017', 'news-7.jpg', 2, 0, 'Vix tale noluisse voluptua ad ne', '', ''),
(8, 'Liber utroque vim an ne his brute', 'liber-utroque-vim-an-ne-his-brute', '<p>Lorem ipsum dolor sit amet, qui case probo velit no, an postea scaevola partiendo mei. Id mea fuisset perpetua referrentur. Ut everti ceteros mei, alii discere eum no, duo id malis iuvaret. Ad sint everti accusam vel, ea viderer suscipiantur pri. Brute option minimum in cum, ignota iuvaret an pro.</p>\r\n\r\n<p>Solum atqui intellegebat mea an. Ne ius alterum aliquam. Ea nec populo aliquid mentitum, vis in meliore atomorum, sanctus consequat vituperatoribus duo ea. Ad doctus pertinacia ius, virtute fuisset id has, eum ut modo principes. Qui eu labore adversarium, oporteat delicata qui ut, an qui meliore principes. Id aliquid dolorum nam.</p>\r\n\r\n<p>Reque pericula philosophia ut mei, volumus eligendi mandamus has an. In nobis consulatu pri, has at timeam scaevola, has simul quaeque et. Te nec sale accumsan. Dolorem prodesset efficiendi sea ea.</p>\r\n\r\n<p>Et habeo modus debitis pri, vel quis fierent albucius ne. Ea animal meliore usu, nec etiam dolorum atomorum at, nam in audire mandamus omittantur. Cu ius dicam officiis molestiae, mea volumus officiis cotidieque no. Ut vel possim interpretaris, idque probatus antiopam has ad. Facilisi qualisque te sea, no dolorum mnesarchum usu.</p>\r\n\r\n<p>Eum tota graeci impetus an, eirmod invenire rationibus ne mel. Ignota habemus eum ex, vis omnesque delicata perpetua an. Sit id modo invidunt sapientem, ne eum vocibus dolores phaedrum. Case praesent appellantur eu per.</p>\r\n', '05-09-2017', 'news-8.jpg', 2, 12, 'Liber utroque vim an ne his brute', '', ''),
(9, 'Nostrum copiosae argumentum has', 'nostrum-copiosae-argumentum-has', '<p>Lorem ipsum dolor sit amet, qui case probo velit no, an postea scaevola partiendo mei. Id mea fuisset perpetua referrentur. Ut everti ceteros mei, alii discere eum no, duo id malis iuvaret. Ad sint everti accusam vel, ea viderer suscipiantur pri. Brute option minimum in cum, ignota iuvaret an pro.</p>\r\n\r\n<p>Solum atqui intellegebat mea an. Ne ius alterum aliquam. Ea nec populo aliquid mentitum, vis in meliore atomorum, sanctus consequat vituperatoribus duo ea. Ad doctus pertinacia ius, virtute fuisset id has, eum ut modo principes. Qui eu labore adversarium, oporteat delicata qui ut, an qui meliore principes. Id aliquid dolorum nam.</p>\r\n\r\n<p>Reque pericula philosophia ut mei, volumus eligendi mandamus has an. In nobis consulatu pri, has at timeam scaevola, has simul quaeque et. Te nec sale accumsan. Dolorem prodesset efficiendi sea ea.</p>\r\n\r\n<p>Et habeo modus debitis pri, vel quis fierent albucius ne. Ea animal meliore usu, nec etiam dolorum atomorum at, nam in audire mandamus omittantur. Cu ius dicam officiis molestiae, mea volumus officiis cotidieque no. Ut vel possim interpretaris, idque probatus antiopam has ad. Facilisi qualisque te sea, no dolorum mnesarchum usu.</p>\r\n\r\n<p>Eum tota graeci impetus an, eirmod invenire rationibus ne mel. Ignota habemus eum ex, vis omnesque delicata perpetua an. Sit id modo invidunt sapientem, ne eum vocibus dolores phaedrum. Case praesent appellantur eu per.</p>\r\n', '05-09-2017', 'news-9.jpg', 1, 12, 'Nostrum copiosae argumentum has', '', ''),
(10, 'An labores explicari qui eu', 'an-labores-explicari-qui-eu', '<p>Lorem ipsum dolor sit amet, qui case probo velit no, an postea scaevola partiendo mei. Id mea fuisset perpetua referrentur. Ut everti ceteros mei, alii discere eum no, duo id malis iuvaret. Ad sint everti accusam vel, ea viderer suscipiantur pri. Brute option minimum in cum, ignota iuvaret an pro.</p>\r\n\r\n<p>Solum atqui intellegebat mea an. Ne ius alterum aliquam. Ea nec populo aliquid mentitum, vis in meliore atomorum, sanctus consequat vituperatoribus duo ea. Ad doctus pertinacia ius, virtute fuisset id has, eum ut modo principes. Qui eu labore adversarium, oporteat delicata qui ut, an qui meliore principes. Id aliquid dolorum nam.</p>\r\n\r\n<p>Reque pericula philosophia ut mei, volumus eligendi mandamus has an. In nobis consulatu pri, has at timeam scaevola, has simul quaeque et. Te nec sale accumsan. Dolorem prodesset efficiendi sea ea.</p>\r\n\r\n<p>Et habeo modus debitis pri, vel quis fierent albucius ne. Ea animal meliore usu, nec etiam dolorum atomorum at, nam in audire mandamus omittantur. Cu ius dicam officiis molestiae, mea volumus officiis cotidieque no. Ut vel possim interpretaris, idque probatus antiopam has ad. Facilisi qualisque te sea, no dolorum mnesarchum usu.</p>\r\n\r\n<p>Eum tota graeci impetus an, eirmod invenire rationibus ne mel. Ignota habemus eum ex, vis omnesque delicata perpetua an. Sit id modo invidunt sapientem, ne eum vocibus dolores phaedrum. Case praesent appellantur eu per.</p>\r\n', '05-09-2017', 'news-10.jpg', 1, 4, 'An labores explicari qui eu', '', ''),
(11, 'Lorem ipsum dolor sit amet', 'lorem-ipsum-dolor-sit-amet', '<p>Lorem ipsum dolor sit amet, qui case probo velit no, an postea scaevola partiendo mei. Id mea fuisset perpetua referrentur. Ut everti ceteros mei, alii discere eum no, duo id malis iuvaret. Ad sint everti accusam vel, ea viderer suscipiantur pri. Brute option minimum in cum, ignota iuvaret an pro.</p>\r\n\r\n<p>Solum atqui intellegebat mea an. Ne ius alterum aliquam. Ea nec populo aliquid mentitum, vis in meliore atomorum, sanctus consequat vituperatoribus duo ea. Ad doctus pertinacia ius, virtute fuisset id has, eum ut modo principes. Qui eu labore adversarium, oporteat delicata qui ut, an qui meliore principes. Id aliquid dolorum nam.</p>\r\n\r\n<p>Reque pericula philosophia ut mei, volumus eligendi mandamus has an. In nobis consulatu pri, has at timeam scaevola, has simul quaeque et. Te nec sale accumsan. Dolorem prodesset efficiendi sea ea.</p>\r\n\r\n<p>Et habeo modus debitis pri, vel quis fierent albucius ne. Ea animal meliore usu, nec etiam dolorum atomorum at, nam in audire mandamus omittantur. Cu ius dicam officiis molestiae, mea volumus officiis cotidieque no. Ut vel possim interpretaris, idque probatus antiopam has ad. Facilisi qualisque te sea, no dolorum mnesarchum usu.</p>\r\n\r\n<p>Eum tota graeci impetus an, eirmod invenire rationibus ne mel. Ignota habemus eum ex, vis omnesque delicata perpetua an. Sit id modo invidunt sapientem, ne eum vocibus dolores phaedrum. Case praesent appellantur eu per.</p>\r\n', '05-09-2017', 'news-11.jpg', 1, 18, 'Lorem ipsum dolor sit amet', '', '');

-- --------------------------------------------------------

--
-- Table structure for table `tbl_product`
--

CREATE TABLE `tbl_product` (
  `p_id` int(11) NOT NULL,
  `p_name` varchar(255) NOT NULL,
  `p_old_price` varchar(10) NOT NULL,
  `p_current_price` varchar(10) NOT NULL,
  `p_qty` int(10) NOT NULL,
  `p_featured_photo` varchar(255) NOT NULL,
  `p_description` text NOT NULL,
  `p_short_description` text NOT NULL,
  `p_feature` text NOT NULL,
  `p_condition` text NOT NULL,
  `p_return_policy` text NOT NULL,
  `p_total_view` int(11) NOT NULL,
  `p_is_featured` int(1) NOT NULL,
  `p_is_active` int(1) NOT NULL,
  `ecat_id` int(11) NOT NULL
) ENGINE=InnoDB DEFAULT CHARSET=latin1 COLLATE=latin1_swedish_ci;

--
-- Dumping data for table `tbl_product`
--

INSERT INTO `tbl_product` (`p_id`, `p_name`, `p_old_price`, `p_current_price`, `p_qty`, `p_featured_photo`, `p_description`, `p_short_description`, `p_feature`, `p_condition`, `p_return_policy`, `p_total_view`, `p_is_featured`, `p_is_active`, `ecat_id`) VALUES
(76, 'Gosh Donoderm Hand & Nail Cream', '', '30', 10, 'product-featured-76.jpg', '<ul class=\"generatedBullets\" style=\"box-sizing: inherit; line-height: 1.6; margin-right: 0px; margin-bottom: 1rem; margin-left: 1.25rem; padding: 0px; list-style-position: outside; color: rgb(10, 10, 10); font-family: opensans, &quot;Helvetica Neue&quot;, Helvetica, Helvetica, Arial, sans-serif;\"><li style=\"box-sizing: inherit; margin: 0px; padding: 0px; font-size: inherit;\">Category Type : Hands</li><li style=\"box-sizing: inherit; margin: 0px; padding: 0px; font-size: inherit;\">Suitable Skin Type : All Skin Type</li><li style=\"box-sizing: inherit; margin: 0px; padding: 0px; font-size: inherit;\">Texture : Cream</li><li style=\"box-sizing: inherit; margin: 0px; padding: 0px; font-size: inherit;\">Recommended Use : Wrinkles &amp; Anti Aging</li><li style=\"box-sizing: inherit; margin: 0px; padding: 0px; font-size: inherit;\">Size : 30 ml</li><li style=\"box-sizing: inherit; margin: 0px; padding: 0px; font-size: inherit;\">Type : Lotion</li><li style=\"box-sizing: inherit; margin: 0px; padding: 0px; font-size: inherit;\">Brand : GOSH</li></ul>', '<p>Gosh Donoderm Hand & Nail Cream - 30 ML<br></p>', '<ul class=\"generatedBullets\" style=\"box-sizing: inherit; line-height: 1.6; margin-right: 0px; margin-bottom: 0px; margin-left: 1.25rem; padding: 0px; list-style-position: inside; color: rgb(51, 51, 51); font-family: opensans, &quot;Helvetica Neue&quot;, Helvetica, Helvetica, Arial, sans-serif; font-size: 14px; text-transform: uppercase;\"><li style=\"box-sizing: inherit; margin: 0px; padding: 0px; font-size: inherit; text-transform: none; list-style: inherit !important;\">Category Type : Hands</li><li style=\"box-sizing: inherit; margin: 0px; padding: 0px; font-size: inherit; text-transform: none; list-style: inherit !important;\">Suitable Skin Type : All Skin Type</li><li style=\"box-sizing: inherit; margin: 0px; padding: 0px; font-size: inherit; text-transform: none; list-style: inherit !important;\">Texture : Cream</li><li style=\"box-sizing: inherit; margin: 0px; padding: 0px; font-size: inherit; text-transform: none; list-style: inherit !important;\">Recommended Use : Wrinkles &amp; Anti Aging</li><li style=\"box-sizing: inherit; margin: 0px; padding: 0px; font-size: inherit; text-transform: none; list-style: inherit !important;\">Size : 30 ml</li><li style=\"box-sizing: inherit; margin: 0px; padding: 0px; font-size: inherit; text-transform: none; list-style: inherit !important;\">Type : Lotion</li><li style=\"box-sizing: inherit; margin: 0px; padding: 0px; font-size: inherit; text-transform: none; list-style: inherit !important;\">Brand : GOSH</li></ul>', '<p>Standard Fashionys.com Terms &amp; Conditions<br></p>', '<p>Standard Fashionys.com Return Policy</p>', 7, 0, 1, 40),
(77, 'Laptop Backpack', '', '100', 10, 'product-featured-77.jpg', '<div><font color=\"#0a0a0a\" face=\"opensans, Helvetica Neue, Helvetica, Helvetica, Arial, sans-serif\">Distinct design and pockets galore The striking, modern look of the Skedaddle Laptop Backpack exudes confidence with multi-functional pockets and protects your laptop.<br></font></div>', 'Baggallini Skedaddle Laptop Backpack specifically for women.', '<table>\r\n<tbody><tr>\r\n<td>Brand: </td>\r\n<td>Baggallini</td>\r\n</tr>\r\n<tr>\r\n<td>Features: </td>\r\n<td>Pockets: 3 interior slip, 3 interior zip, 4 exterior</td>\r\n</tr>\r\n<tr>\r\n<td>Target Group: </td>\r\n<td>Women</td>\r\n</tr>\r\n<tr>\r\n<td>Country of Origin: </td>\r\n<td>U.S.A</td>\r\n</tr>\r\n</tbody></table>', 'This product is directly shipped from U.S.A. and it includes import duty in the price.', '<p>Standard Return Policy</p>', 2, 1, 1, 60),
(78, 'Blouse for Women', '110', '50', 10, 'product-featured-78.jpg', '<p>Stripes pattern with small metal beads on strap</p><p>Pair this top with your favorite pants for that casual classy look</p><p>Size on model: S</p>', '<p>This sleeveless blouse is made of 55% Viscose, 43% Polyamide, 2% Spandex<br></p>', '<p><table></p><p><tr></p><p><td>Brand: </td></p><p><td>Guess</td></p><p></tr></p><p><tr></p><p><td>Occasion: </td></p><p><td>Casual Dress</td></p><p></tr></p><p><tr></p><p><td>Material: </td></p><p><td>Mixed Materials</td></p><p></tr></p><p><tr></p><p><td>Sleeve Length: </td></p><p><td>Sleeveless</td></p><p></tr></p><p></table></p>', '<p>Standard Terms & Conditions<br></p>', '<p>Standard Return Policy</p>', 3, 0, 1, 33),
(79, 'Glamorous Shirt Dress For Women', '100', '85', 10, 'product-featured-79.jpg', '<p><span style=\"color: rgb(10, 10, 10); font-family: opensans, \"Helvetica Neue\", Helvetica, Helvetica, Arial, sans-serif;\">Show off your style in Glamorous Shirt dress for women. Crafted with soft and rich Polyester material, this dress will offer you great comfort and flair. Flaunt in glamour by pairing it with a matching footwear to experience a sophisticated take on every day wear by making a unique style statement wherever you go.</span><br></p>', '<p><span style=\"color: rgb(51, 51, 51); font-family: opensans, \"Helvetica Neue\", Helvetica, Helvetica, Arial, sans-serif; font-size: 14px;\">Show off your style in Glamorous Shirt dress for women. Crafted with soft and rich Polyester material, this dress will offer you great comfort and flair. Flaunt in glamour by pairing it with a matching footwear to experience a sophisticated take on every day wear by making a unique style statement wherever you go.</span><br></p>', '<p>N/A</p>', '<p>N/A</p>', '<p>N/A</p>', 6, 1, 1, 32),
(80, 'Jeans for Women - Denim', '', '249', 10, 'product-featured-80.jpg', '<p><span style=\"color: rgb(10, 10, 10); font-family: opensans, \"Helvetica Neue\", Helvetica, Helvetica, Arial, sans-serif;\">Looking for a way to diversify your attire for the day then go ahead and wear these jeans from the house of Guess. Made of cotton, these jeans will let your skin breathe, keeping you comfortable all day long. Team them with a white colored top to complete your casual look.</span><br></p>', '<p><span style=\"color: rgb(10, 10, 10); font-family: opensans, \"Helvetica Neue\", Helvetica, Helvetica, Arial, sans-serif;\">Looking for a way to diversify your attire for the day then go ahead and wear these jeans from the house of Guess. Made of cotton, these jeans will let your skin breathe, keeping you comfortable all day long. Team them with a white colored top to complete your casual look.</span><br></p>', '<p><span style=\"color: rgb(10, 10, 10); font-family: opensans, \"Helvetica Neue\", Helvetica, Helvetica, Arial, sans-serif;\">Looking for a way to diversify your attire for the day then go ahead and wear these jeans from the house of Guess. Made of cotton, these jeans will let your skin breathe, keeping you comfortable all day long. Team them with a white colored top to complete your casual look.</span><br></p>', '<p>Standard Terms & Conditions</p>', '<p>Standard Return Policy</p>', 2, 1, 1, 35),
(81, 'Black Wool Beanie & Bobble Hat For Unisex', '10', '1', 9, 'product-featured-81.jpg', '<p>These Soft Knit Cap is a warm and comfortable choice.&nbsp;</p><p>Soft material will make you feel so comfortable and will make you look so special in the crowd .</p><p>This Men\'s Soft Lined Thick Knit Cap Warm Winter beanies Hat with Fully lined it warmth and comfort, very soft.</p>', '<p>These Soft Knit Cap is a warm and comfortable choice.&nbsp;</p><p>Soft material will make you feel so comfortable and will make you look so special in the crowd .</p><p>This Men\'s Soft Lined Thick Knit Cap Warm Winter beanies Hat with Fully lined it warmth and comfort, very soft.</p>', '<p>These Soft Knit Cap is a warm and comfortable choice.&nbsp;</p><p>Soft material will make you feel so comfortable and will make you look so special in the crowd .</p><p>This Men\'s Soft Lined Thick Knit Cap Warm Winter beanies Hat with Fully lined it warmth and comfort, very soft.</p>', '<p>Fashionys.com Standard Terms &amp; Conditions</p>', '<p>Fashionys.com Standard Return Policy<br></p>', 9, 1, 1, 1);

-- --------------------------------------------------------

--
-- Table structure for table `tbl_product_color`
--

CREATE TABLE `tbl_product_color` (
  `id` int(11) NOT NULL,
  `color_id` int(11) NOT NULL,
  `p_id` int(11) NOT NULL
) ENGINE=InnoDB DEFAULT CHARSET=latin1 COLLATE=latin1_swedish_ci;

--
-- Dumping data for table `tbl_product_color`
--

INSERT INTO `tbl_product_color` (`id`, `color_id`, `p_id`) VALUES
(69, 1, 4),
(70, 4, 4),
(77, 6, 6),
(82, 2, 12),
(83, 9, 13),
(84, 3, 14),
(85, 2, 15),
(86, 6, 15),
(87, 3, 16),
(88, 3, 17),
(89, 2, 18),
(90, 3, 19),
(91, 1, 20),
(92, 8, 21),
(93, 2, 22),
(94, 2, 23),
(95, 2, 25),
(96, 5, 26),
(97, 2, 27),
(98, 4, 27),
(99, 5, 28),
(100, 7, 29),
(101, 10, 30),
(102, 11, 31),
(103, 14, 32),
(105, 2, 34),
(106, 1, 35),
(107, 3, 36),
(109, 6, 38),
(110, 2, 39),
(111, 11, 42),
(149, 3, 10),
(150, 6, 9),
(151, 3, 8),
(152, 7, 7),
(159, 2, 77),
(163, 17, 79),
(164, 2, 78),
(167, 3, 80),
(168, 2, 81);

-- --------------------------------------------------------

--
-- Table structure for table `tbl_product_photo`
--

CREATE TABLE `tbl_product_photo` (
  `pp_id` int(11) NOT NULL,
  `photo` varchar(255) NOT NULL,
  `p_id` int(11) NOT NULL
) ENGINE=InnoDB DEFAULT CHARSET=latin1 COLLATE=latin1_swedish_ci;

--
-- Dumping data for table `tbl_product_photo`
--

INSERT INTO `tbl_product_photo` (`pp_id`, `photo`, `p_id`) VALUES
(8, '8.jpg', 4),
(13, '13.jpg', 8),
(14, '14.jpg', 8),
(15, '15.jpg', 9),
(16, '16.jpg', 16),
(17, '17.jpg', 16),
(18, '18.jpg', 16),
(19, '19.jpg', 16),
(20, '20.jpg', 17),
(21, '21.jpg', 17),
(22, '22.jpg', 17),
(23, '23.jpg', 18),
(24, '24.jpg', 18),
(25, '25.jpg', 18),
(26, '26.jpg', 18),
(27, '27.jpg', 19),
(28, '28.jpg', 19),
(29, '29.jpg', 19),
(30, '30.jpg', 20),
(31, '31.jpg', 20),
(32, '32.jpg', 21),
(33, '33.jpg', 21),
(34, '34.jpg', 22),
(35, '35.jpg', 22),
(36, '36.jpg', 23),
(37, '37.jpg', 23),
(38, '38.jpg', 24),
(39, '39.jpg', 24),
(40, '40.jpg', 25),
(41, '41.jpg', 25),
(42, '42.jpg', 26),
(43, '43.jpg', 26),
(44, '44.jpg', 27),
(45, '45.jpg', 27),
(46, '46.jpg', 28),
(47, '47.jpg', 28),
(48, '48.jpg', 29),
(49, '49.jpg', 29),
(50, '50.jpg', 31),
(51, '51.jpg', 31),
(52, '52.jpg', 32),
(53, '53.jpg', 32),
(56, '56.jpg', 34),
(57, '57.jpg', 35),
(59, '59.jpg', 38),
(60, '60.jpg', 38),
(61, '61.jpg', 42),
(62, '62.jpg', 42),
(63, '63.jpg', 42),
(103, '103.jpg', 77),
(104, '104.jpg', 78);

-- --------------------------------------------------------

--
-- Table structure for table `tbl_product_size`
--

CREATE TABLE `tbl_product_size` (
  `id` int(11) NOT NULL,
  `size_id` int(11) NOT NULL,
  `p_id` int(11) NOT NULL
) ENGINE=InnoDB DEFAULT CHARSET=latin1 COLLATE=latin1_swedish_ci;

--
-- Dumping data for table `tbl_product_size`
--

INSERT INTO `tbl_product_size` (`id`, `size_id`, `p_id`) VALUES
(44, 1, 6),
(56, 8, 12),
(57, 9, 12),
(58, 10, 12),
(59, 11, 12),
(60, 12, 12),
(61, 13, 12),
(62, 9, 13),
(63, 11, 13),
(64, 13, 13),
(65, 15, 13),
(66, 9, 14),
(67, 11, 14),
(68, 12, 14),
(69, 13, 14),
(70, 9, 15),
(71, 11, 15),
(72, 13, 15),
(73, 15, 16),
(74, 16, 16),
(75, 17, 16),
(76, 16, 17),
(77, 17, 17),
(78, 14, 18),
(79, 15, 18),
(80, 16, 18),
(81, 17, 18),
(82, 15, 19),
(83, 16, 19),
(84, 17, 19),
(85, 14, 20),
(86, 15, 20),
(87, 17, 20),
(88, 15, 21),
(89, 17, 21),
(90, 15, 22),
(91, 16, 22),
(92, 17, 22),
(93, 15, 23),
(94, 16, 23),
(95, 17, 23),
(96, 18, 25),
(97, 19, 25),
(98, 20, 25),
(99, 21, 25),
(100, 19, 26),
(101, 21, 26),
(102, 22, 26),
(103, 23, 26),
(104, 19, 27),
(105, 20, 27),
(106, 21, 27),
(107, 22, 27),
(108, 19, 28),
(109, 20, 28),
(110, 21, 28),
(111, 19, 29),
(112, 20, 29),
(113, 22, 29),
(114, 1, 30),
(115, 2, 30),
(116, 3, 30),
(117, 4, 30),
(118, 23, 31),
(119, 26, 32),
(123, 2, 34),
(124, 2, 35),
(125, 2, 36),
(126, 3, 36),
(129, 2, 38),
(130, 3, 38),
(131, 4, 38),
(132, 5, 38),
(133, 27, 39),
(134, 8, 42),
(210, 3, 10),
(211, 4, 10),
(212, 5, 10),
(213, 6, 10),
(214, 3, 9),
(215, 4, 9),
(216, 3, 8),
(217, 4, 8),
(218, 2, 7),
(219, 3, 7),
(220, 4, 7),
(249, 1, 79),
(250, 2, 79),
(251, 3, 79),
(252, 1, 78),
(253, 2, 78),
(254, 3, 78),
(255, 4, 78),
(256, 5, 78),
(259, 26, 80);

-- --------------------------------------------------------

--
-- Table structure for table `tbl_rating`
--

CREATE TABLE `tbl_rating` (
  `rt_id` int(11) NOT NULL,
  `p_id` int(11) NOT NULL,
  `cust_id` int(11) NOT NULL,
  `comment` text NOT NULL,
  `rating` int(11) NOT NULL
) ENGINE=InnoDB DEFAULT CHARSET=latin1 COLLATE=latin1_swedish_ci;

-- --------------------------------------------------------

--
-- Table structure for table `tbl_service`
--

CREATE TABLE `tbl_service` (
  `id` int(11) NOT NULL,
  `title` varchar(255) NOT NULL,
  `content` text NOT NULL,
  `photo` varchar(255) NOT NULL
) ENGINE=InnoDB DEFAULT CHARSET=latin1 COLLATE=latin1_swedish_ci;

--
-- Dumping data for table `tbl_service`
--

INSERT INTO `tbl_service` (`id`, `title`, `content`, `photo`) VALUES
(5, 'Easy Returns', 'Return any item before 15 days. No questions asked.', 'service-5.png'),
(6, 'Free Shipping', 'Enjoy free shipping in U.A.E. More countries to be added sooner.', 'service-6.png'),
(7, 'Fast Delivery', 'Items are shipped in 24 hours.', 'service-7.png');

-- --------------------------------------------------------

--
-- Table structure for table `tbl_shipping_cost`
--

CREATE TABLE `tbl_shipping_cost` (
  `shipping_cost_id` int(11) NOT NULL,
  `country_id` int(11) NOT NULL,
  `amount` varchar(20) NOT NULL
) ENGINE=InnoDB DEFAULT CHARSET=latin1 COLLATE=latin1_swedish_ci;

--
-- Dumping data for table `tbl_shipping_cost`
--

INSERT INTO `tbl_shipping_cost` (`shipping_cost_id`, `country_id`, `amount`) VALUES
(1, 228, '0'),
(2, 167, '10'),
(3, 13, '8');

-- --------------------------------------------------------

--
-- Table structure for table `tbl_shipping_cost_all`
--

CREATE TABLE `tbl_shipping_cost_all` (
  `sca_id` int(11) NOT NULL,
  `amount` varchar(20) NOT NULL
) ENGINE=InnoDB DEFAULT CHARSET=latin1 COLLATE=latin1_swedish_ci;
--
-- Database: `laravel`
--
CREATE DATABASE IF NOT EXISTS `laravel` DEFAULT CHARACTER SET utf8mb4 COLLATE utf8mb4_general_ci;
USE `laravel`;

-- --------------------------------------------------------

--
-- Table structure for table `accountdetails`
--

CREATE TABLE `accountdetails` (
  `account_id` int(10) UNSIGNED NOT NULL,
  `account_no` bigint(20) NOT NULL,
  `ifsc_code` varchar(255) NOT NULL,
  `bank_name` varchar(255) NOT NULL,
  `branch_name` varchar(255) NOT NULL,
  `created_at` timestamp NULL DEFAULT NULL,
  `updated_at` timestamp NULL DEFAULT NULL
) ENGINE=InnoDB DEFAULT CHARSET=utf8mb4 COLLATE=utf8mb4_unicode_ci;

-- --------------------------------------------------------

--
-- Table structure for table `admins`
--

CREATE TABLE `admins` (
  `id` bigint(20) UNSIGNED NOT NULL,
  `username` varchar(30) NOT NULL,
  `passward` varchar(255) NOT NULL
) ENGINE=InnoDB DEFAULT CHARSET=utf8mb4 COLLATE=utf8mb4_unicode_ci;

-- --------------------------------------------------------

--
-- Table structure for table `eusers`
--

CREATE TABLE `eusers` (
  `user_id` int(10) UNSIGNED NOT NULL,
  `e_email` varchar(50) NOT NULL,
  `username` varchar(50) NOT NULL,
  `phoneno` bigint(20) DEFAULT NULL,
  `address` varchar(255) DEFAULT NULL,
  `account_detail` int(10) UNSIGNED DEFAULT NULL,
  `e_passward` varchar(255) NOT NULL,
  `created_at` timestamp NULL DEFAULT NULL,
  `updated_at` timestamp NULL DEFAULT NULL
) ENGINE=InnoDB DEFAULT CHARSET=utf8mb4 COLLATE=utf8mb4_unicode_ci;

-- --------------------------------------------------------

--
-- Table structure for table `failed_jobs`
--

CREATE TABLE `failed_jobs` (
  `id` bigint(20) UNSIGNED NOT NULL,
  `uuid` varchar(255) NOT NULL,
  `connection` text NOT NULL,
  `queue` text NOT NULL,
  `payload` longtext NOT NULL,
  `exception` longtext NOT NULL,
  `failed_at` timestamp NOT NULL DEFAULT current_timestamp()
) ENGINE=InnoDB DEFAULT CHARSET=utf8mb4 COLLATE=utf8mb4_unicode_ci;

-- --------------------------------------------------------

--
-- Table structure for table `migrations`
--

CREATE TABLE `migrations` (
  `id` int(10) UNSIGNED NOT NULL,
  `migration` varchar(255) NOT NULL,
  `batch` int(11) NOT NULL
) ENGINE=InnoDB DEFAULT CHARSET=utf8mb4 COLLATE=utf8mb4_unicode_ci;

--
-- Dumping data for table `migrations`
--

INSERT INTO `migrations` (`id`, `migration`, `batch`) VALUES
(1, '2014_10_12_000000_create_users_table', 1),
(2, '2014_10_12_100000_create_password_reset_tokens_table', 1),
(3, '2019_08_19_000000_create_failed_jobs_table', 1),
(4, '2019_12_14_000001_create_personal_access_tokens_table', 1),
(5, '2024_01_18_081732_create_orders_table', 1),
(6, '2024_01_18_081751_create_products_table', 1),
(7, '2024_01_18_081801_create_sales_table', 1),
(8, '2024_01_18_112639_create_accountdetails_table', 1),
(9, '2024_01_18_170807_create_eusers_table', 1),
(10, '2024_01_27_103042_create_admins_table', 1);

-- --------------------------------------------------------

--
-- Table structure for table `orders`
--

CREATE TABLE `orders` (
  `order_id` int(10) UNSIGNED NOT NULL,
  `order_date` date DEFAULT NULL,
  `quantity` int(11) NOT NULL,
  `order_type` varchar(255) NOT NULL,
  `product_id` int(11) NOT NULL,
  `user_id` int(11) NOT NULL,
  `order_status` enum('pending','dispatched','delivered','return') NOT NULL DEFAULT 'pending',
  `created_at` timestamp NULL DEFAULT NULL,
  `updated_at` timestamp NULL DEFAULT NULL
) ENGINE=InnoDB DEFAULT CHARSET=utf8mb4 COLLATE=utf8mb4_unicode_ci;

-- --------------------------------------------------------

--
-- Table structure for table `password_reset_tokens`
--

CREATE TABLE `password_reset_tokens` (
  `email` varchar(255) NOT NULL,
  `token` varchar(255) NOT NULL,
  `created_at` timestamp NULL DEFAULT NULL
) ENGINE=InnoDB DEFAULT CHARSET=utf8mb4 COLLATE=utf8mb4_unicode_ci;

-- --------------------------------------------------------

--
-- Table structure for table `personal_access_tokens`
--

CREATE TABLE `personal_access_tokens` (
  `id` bigint(20) UNSIGNED NOT NULL,
  `tokenable_type` varchar(255) NOT NULL,
  `tokenable_id` bigint(20) UNSIGNED NOT NULL,
  `name` varchar(255) NOT NULL,
  `token` varchar(64) NOT NULL,
  `abilities` text DEFAULT NULL,
  `last_used_at` timestamp NULL DEFAULT NULL,
  `expires_at` timestamp NULL DEFAULT NULL,
  `created_at` timestamp NULL DEFAULT NULL,
  `updated_at` timestamp NULL DEFAULT NULL
) ENGINE=InnoDB DEFAULT CHARSET=utf8mb4 COLLATE=utf8mb4_unicode_ci;

-- --------------------------------------------------------

--
-- Table structure for table `products`
--

CREATE TABLE `products` (
  `product_id` int(10) UNSIGNED NOT NULL,
  `name` varchar(255) NOT NULL,
  `description` text NOT NULL,
  `image` text NOT NULL,
  `price` int(11) NOT NULL,
  `product_status` enum('Available','Out of Stock','Coming Soon') NOT NULL,
  `created_at` timestamp NULL DEFAULT NULL,
  `updated_at` timestamp NULL DEFAULT NULL
) ENGINE=InnoDB DEFAULT CHARSET=utf8mb4 COLLATE=utf8mb4_unicode_ci;

-- --------------------------------------------------------

--
-- Table structure for table `sales`
--

CREATE TABLE `sales` (
  `product_id` int(11) NOT NULL,
  `sold_quantity` int(11) NOT NULL,
  `revenue` int(11) NOT NULL,
  `created_at` timestamp NULL DEFAULT NULL,
  `updated_at` timestamp NULL DEFAULT NULL
) ENGINE=InnoDB DEFAULT CHARSET=utf8mb4 COLLATE=utf8mb4_unicode_ci;

-- --------------------------------------------------------

--
-- Table structure for table `users`
--

CREATE TABLE `users` (
  `id` bigint(20) UNSIGNED NOT NULL,
  `name` varchar(255) NOT NULL,
  `email` varchar(255) NOT NULL,
  `email_verified_at` timestamp NULL DEFAULT NULL,
  `password` varchar(255) NOT NULL,
  `remember_token` varchar(100) DEFAULT NULL,
  `created_at` timestamp NULL DEFAULT NULL,
  `updated_at` timestamp NULL DEFAULT NULL
) ENGINE=InnoDB DEFAULT CHARSET=utf8mb4 COLLATE=utf8mb4_unicode_ci;

--
-- Indexes for dumped tables
--

--
-- Indexes for table `accountdetails`
--
ALTER TABLE `accountdetails`
  ADD PRIMARY KEY (`account_id`);

--
-- Indexes for table `admins`
--
ALTER TABLE `admins`
  ADD PRIMARY KEY (`id`);

--
-- Indexes for table `eusers`
--
ALTER TABLE `eusers`
  ADD PRIMARY KEY (`user_id`),
  ADD KEY `eusers_account_detail_foreign` (`account_detail`);

--
-- Indexes for table `failed_jobs`
--
ALTER TABLE `failed_jobs`
  ADD PRIMARY KEY (`id`),
  ADD UNIQUE KEY `failed_jobs_uuid_unique` (`uuid`);

--
-- Indexes for table `migrations`
--
ALTER TABLE `migrations`
  ADD PRIMARY KEY (`id`);

--
-- Indexes for table `orders`
--
ALTER TABLE `orders`
  ADD PRIMARY KEY (`order_id`);

--
-- Indexes for table `password_reset_tokens`
--
ALTER TABLE `password_reset_tokens`
  ADD PRIMARY KEY (`email`);

--
-- Indexes for table `personal_access_tokens`
--
ALTER TABLE `personal_access_tokens`
  ADD PRIMARY KEY (`id`),
  ADD UNIQUE KEY `personal_access_tokens_token_unique` (`token`),
  ADD KEY `personal_access_tokens_tokenable_type_tokenable_id_index` (`tokenable_type`,`tokenable_id`);

--
-- Indexes for table `products`
--
ALTER TABLE `products`
  ADD PRIMARY KEY (`product_id`);

--
-- Indexes for table `sales`
--
ALTER TABLE `sales`
  ADD UNIQUE KEY `sales_product_id_unique` (`product_id`);

--
-- Indexes for table `users`
--
ALTER TABLE `users`
  ADD PRIMARY KEY (`id`),
  ADD UNIQUE KEY `users_email_unique` (`email`);

--
-- AUTO_INCREMENT for dumped tables
--

--
-- AUTO_INCREMENT for table `accountdetails`
--
ALTER TABLE `accountdetails`
  MODIFY `account_id` int(10) UNSIGNED NOT NULL AUTO_INCREMENT;

--
-- AUTO_INCREMENT for table `admins`
--
ALTER TABLE `admins`
  MODIFY `id` bigint(20) UNSIGNED NOT NULL AUTO_INCREMENT;

--
-- AUTO_INCREMENT for table `eusers`
--
ALTER TABLE `eusers`
  MODIFY `user_id` int(10) UNSIGNED NOT NULL AUTO_INCREMENT;

--
-- AUTO_INCREMENT for table `failed_jobs`
--
ALTER TABLE `failed_jobs`
  MODIFY `id` bigint(20) UNSIGNED NOT NULL AUTO_INCREMENT;

--
-- AUTO_INCREMENT for table `migrations`
--
ALTER TABLE `migrations`
  MODIFY `id` int(10) UNSIGNED NOT NULL AUTO_INCREMENT, AUTO_INCREMENT=11;

--
-- AUTO_INCREMENT for table `orders`
--
ALTER TABLE `orders`
  MODIFY `order_id` int(10) UNSIGNED NOT NULL AUTO_INCREMENT;

--
-- AUTO_INCREMENT for table `personal_access_tokens`
--
ALTER TABLE `personal_access_tokens`
  MODIFY `id` bigint(20) UNSIGNED NOT NULL AUTO_INCREMENT;

--
-- AUTO_INCREMENT for table `products`
--
ALTER TABLE `products`
  MODIFY `product_id` int(10) UNSIGNED NOT NULL AUTO_INCREMENT;

--
-- AUTO_INCREMENT for table `users`
--
ALTER TABLE `users`
  MODIFY `id` bigint(20) UNSIGNED NOT NULL AUTO_INCREMENT;

--
-- Constraints for dumped tables
--

--
-- Constraints for table `eusers`
--
ALTER TABLE `eusers`
  ADD CONSTRAINT `eusers_account_detail_foreign` FOREIGN KEY (`account_detail`) REFERENCES `accountdetails` (`account_id`) ON DELETE CASCADE ON UPDATE CASCADE;
--
-- Database: `new`
--
CREATE DATABASE IF NOT EXISTS `new` DEFAULT CHARACTER SET utf8mb4 COLLATE utf8mb4_general_ci;
USE `new`;

-- --------------------------------------------------------

--
-- Table structure for table `cache`
--

CREATE TABLE `cache` (
  `key` varchar(255) NOT NULL,
  `value` mediumtext NOT NULL,
  `expiration` int(11) NOT NULL
) ENGINE=InnoDB DEFAULT CHARSET=utf8mb4 COLLATE=utf8mb4_unicode_ci;

-- --------------------------------------------------------

--
-- Table structure for table `cache_locks`
--

CREATE TABLE `cache_locks` (
  `key` varchar(255) NOT NULL,
  `owner` varchar(255) NOT NULL,
  `expiration` int(11) NOT NULL
) ENGINE=InnoDB DEFAULT CHARSET=utf8mb4 COLLATE=utf8mb4_unicode_ci;

-- --------------------------------------------------------

--
-- Table structure for table `failed_jobs`
--

CREATE TABLE `failed_jobs` (
  `id` bigint(20) UNSIGNED NOT NULL,
  `uuid` varchar(255) NOT NULL,
  `connection` text NOT NULL,
  `queue` text NOT NULL,
  `payload` longtext NOT NULL,
  `exception` longtext NOT NULL,
  `failed_at` timestamp NOT NULL DEFAULT current_timestamp()
) ENGINE=InnoDB DEFAULT CHARSET=utf8mb4 COLLATE=utf8mb4_unicode_ci;

-- --------------------------------------------------------

--
-- Table structure for table `jobs`
--

CREATE TABLE `jobs` (
  `id` bigint(20) UNSIGNED NOT NULL,
  `queue` varchar(255) NOT NULL,
  `payload` longtext NOT NULL,
  `attempts` tinyint(3) UNSIGNED NOT NULL,
  `reserved_at` int(10) UNSIGNED DEFAULT NULL,
  `available_at` int(10) UNSIGNED NOT NULL,
  `created_at` int(10) UNSIGNED NOT NULL
) ENGINE=InnoDB DEFAULT CHARSET=utf8mb4 COLLATE=utf8mb4_unicode_ci;

-- --------------------------------------------------------

--
-- Table structure for table `job_batches`
--

CREATE TABLE `job_batches` (
  `id` varchar(255) NOT NULL,
  `name` varchar(255) NOT NULL,
  `total_jobs` int(11) NOT NULL,
  `pending_jobs` int(11) NOT NULL,
  `failed_jobs` int(11) NOT NULL,
  `failed_job_ids` longtext NOT NULL,
  `options` mediumtext DEFAULT NULL,
  `cancelled_at` int(11) DEFAULT NULL,
  `created_at` int(11) NOT NULL,
  `finished_at` int(11) DEFAULT NULL
) ENGINE=InnoDB DEFAULT CHARSET=utf8mb4 COLLATE=utf8mb4_unicode_ci;

-- --------------------------------------------------------

--
-- Table structure for table `migrations`
--

CREATE TABLE `migrations` (
  `id` int(10) UNSIGNED NOT NULL,
  `migration` varchar(255) NOT NULL,
  `batch` int(11) NOT NULL
) ENGINE=InnoDB DEFAULT CHARSET=utf8mb4 COLLATE=utf8mb4_unicode_ci;

--
-- Dumping data for table `migrations`
--

INSERT INTO `migrations` (`id`, `migration`, `batch`) VALUES
(1, '0001_01_01_000000_create_users_table', 1),
(2, '0001_01_01_000001_create_cache_table', 1),
(3, '0001_01_01_000002_create_jobs_table', 1),
(4, '2024_10_25_094900_create_posts_table', 1);

-- --------------------------------------------------------

--
-- Table structure for table `password_reset_tokens`
--

CREATE TABLE `password_reset_tokens` (
  `email` varchar(255) NOT NULL,
  `token` varchar(255) NOT NULL,
  `created_at` timestamp NULL DEFAULT NULL
) ENGINE=InnoDB DEFAULT CHARSET=utf8mb4 COLLATE=utf8mb4_unicode_ci;

-- --------------------------------------------------------

--
-- Table structure for table `posts`
--

CREATE TABLE `posts` (
  `id` bigint(20) UNSIGNED NOT NULL,
  `name` varchar(255) NOT NULL,
  `age` int(11) NOT NULL,
  `created_at` timestamp NULL DEFAULT NULL,
  `updated_at` timestamp NULL DEFAULT NULL
) ENGINE=InnoDB DEFAULT CHARSET=utf8mb4 COLLATE=utf8mb4_unicode_ci;

-- --------------------------------------------------------

--
-- Table structure for table `sessions`
--

CREATE TABLE `sessions` (
  `id` varchar(255) NOT NULL,
  `user_id` bigint(20) UNSIGNED DEFAULT NULL,
  `ip_address` varchar(45) DEFAULT NULL,
  `user_agent` text DEFAULT NULL,
  `payload` longtext NOT NULL,
  `last_activity` int(11) NOT NULL
) ENGINE=InnoDB DEFAULT CHARSET=utf8mb4 COLLATE=utf8mb4_unicode_ci;

--
-- Dumping data for table `sessions`
--

INSERT INTO `sessions` (`id`, `user_id`, `ip_address`, `user_agent`, `payload`, `last_activity`) VALUES
('KeYFVYhoTiiqxAhAk4uzVxvRcXkwJ9rLwqxQaBtw', NULL, '127.0.0.1', 'Mozilla/5.0 (Windows NT 10.0; Win64; x64) AppleWebKit/537.36 (KHTML, like Gecko) Chrome/130.0.0.0 Safari/537.36 Edg/130.0.0.0', 'YTozOntzOjY6Il90b2tlbiI7czo0MDoiaU1IUXV4blYzRm9rM0IyRXN2SFJvSmV4aDNnY3M2N0hHWFExbUJZRSI7czo5OiJfcHJldmlvdXMiO2E6MTp7czozOiJ1cmwiO3M6MjE6Imh0dHA6Ly8xMjcuMC4wLjE6ODAwMCI7fXM6NjoiX2ZsYXNoIjthOjI6e3M6Mzoib2xkIjthOjA6e31zOjM6Im5ldyI7YTowOnt9fX0=', 1729851727),
('z1JHdkkPbJ4lt24c4EbnRR39a8kaXZDSemfzVUo7', NULL, '127.0.0.1', 'Mozilla/5.0 (Windows NT 10.0; Win64; x64) AppleWebKit/537.36 (KHTML, like Gecko) Chrome/130.0.0.0 Safari/537.36 Edg/130.0.0.0', 'YTozOntzOjY6Il90b2tlbiI7czo0MDoiTmN2UmtGdWRaR2ZRY25jZ3hpM3hwejdIWHU3ZGNHU0RZQlc5UVJtMSI7czo5OiJfcHJldmlvdXMiO2E6MTp7czozOiJ1cmwiO3M6MjE6Imh0dHA6Ly8xMjcuMC4wLjE6ODAwMCI7fXM6NjoiX2ZsYXNoIjthOjI6e3M6Mzoib2xkIjthOjA6e31zOjM6Im5ldyI7YTowOnt9fX0=', 1729851390);

-- --------------------------------------------------------

--
-- Table structure for table `users`
--

CREATE TABLE `users` (
  `id` bigint(20) UNSIGNED NOT NULL,
  `name` varchar(255) NOT NULL,
  `email` varchar(255) NOT NULL,
  `email_verified_at` timestamp NULL DEFAULT NULL,
  `password` varchar(255) NOT NULL,
  `remember_token` varchar(100) DEFAULT NULL,
  `created_at` timestamp NULL DEFAULT NULL,
  `updated_at` timestamp NULL DEFAULT NULL
) ENGINE=InnoDB DEFAULT CHARSET=utf8mb4 COLLATE=utf8mb4_unicode_ci;

--
-- Indexes for dumped tables
--

--
-- Indexes for table `cache`
--
ALTER TABLE `cache`
  ADD PRIMARY KEY (`key`);

--
-- Indexes for table `cache_locks`
--
ALTER TABLE `cache_locks`
  ADD PRIMARY KEY (`key`);

--
-- Indexes for table `failed_jobs`
--
ALTER TABLE `failed_jobs`
  ADD PRIMARY KEY (`id`),
  ADD UNIQUE KEY `failed_jobs_uuid_unique` (`uuid`);

--
-- Indexes for table `jobs`
--
ALTER TABLE `jobs`
  ADD PRIMARY KEY (`id`),
  ADD KEY `jobs_queue_index` (`queue`);

--
-- Indexes for table `job_batches`
--
ALTER TABLE `job_batches`
  ADD PRIMARY KEY (`id`);

--
-- Indexes for table `migrations`
--
ALTER TABLE `migrations`
  ADD PRIMARY KEY (`id`);

--
-- Indexes for table `password_reset_tokens`
--
ALTER TABLE `password_reset_tokens`
  ADD PRIMARY KEY (`email`);

--
-- Indexes for table `posts`
--
ALTER TABLE `posts`
  ADD PRIMARY KEY (`id`);

--
-- Indexes for table `sessions`
--
ALTER TABLE `sessions`
  ADD PRIMARY KEY (`id`),
  ADD KEY `sessions_user_id_index` (`user_id`),
  ADD KEY `sessions_last_activity_index` (`last_activity`);

--
-- Indexes for table `users`
--
ALTER TABLE `users`
  ADD PRIMARY KEY (`id`),
  ADD UNIQUE KEY `users_email_unique` (`email`);

--
-- AUTO_INCREMENT for dumped tables
--

--
-- AUTO_INCREMENT for table `failed_jobs`
--
ALTER TABLE `failed_jobs`
  MODIFY `id` bigint(20) UNSIGNED NOT NULL AUTO_INCREMENT;

--
-- AUTO_INCREMENT for table `jobs`
--
ALTER TABLE `jobs`
  MODIFY `id` bigint(20) UNSIGNED NOT NULL AUTO_INCREMENT;

--
-- AUTO_INCREMENT for table `migrations`
--
ALTER TABLE `migrations`
  MODIFY `id` int(10) UNSIGNED NOT NULL AUTO_INCREMENT, AUTO_INCREMENT=5;

--
-- AUTO_INCREMENT for table `posts`
--
ALTER TABLE `posts`
  MODIFY `id` bigint(20) UNSIGNED NOT NULL AUTO_INCREMENT;

--
-- AUTO_INCREMENT for table `users`
--
ALTER TABLE `users`
  MODIFY `id` bigint(20) UNSIGNED NOT NULL AUTO_INCREMENT;
--
-- Database: `phpmyadmin`
--
CREATE DATABASE IF NOT EXISTS `phpmyadmin` DEFAULT CHARACTER SET utf8 COLLATE utf8_bin;
USE `phpmyadmin`;

-- --------------------------------------------------------

--
-- Table structure for table `pma__bookmark`
--

CREATE TABLE `pma__bookmark` (
  `id` int(10) UNSIGNED NOT NULL,
  `dbase` varchar(255) NOT NULL DEFAULT '',
  `user` varchar(255) NOT NULL DEFAULT '',
  `label` varchar(255) CHARACTER SET utf8 COLLATE utf8_general_ci NOT NULL DEFAULT '',
  `query` text NOT NULL
) ENGINE=InnoDB DEFAULT CHARSET=utf8 COLLATE=utf8_bin COMMENT='Bookmarks';

-- --------------------------------------------------------

--
-- Table structure for table `pma__central_columns`
--

CREATE TABLE `pma__central_columns` (
  `db_name` varchar(64) NOT NULL,
  `col_name` varchar(64) NOT NULL,
  `col_type` varchar(64) NOT NULL,
  `col_length` text DEFAULT NULL,
  `col_collation` varchar(64) NOT NULL,
  `col_isNull` tinyint(1) NOT NULL,
  `col_extra` varchar(255) DEFAULT '',
  `col_default` text DEFAULT NULL
) ENGINE=InnoDB DEFAULT CHARSET=utf8 COLLATE=utf8_bin COMMENT='Central list of columns';

-- --------------------------------------------------------

--
-- Table structure for table `pma__column_info`
--

CREATE TABLE `pma__column_info` (
  `id` int(5) UNSIGNED NOT NULL,
  `db_name` varchar(64) NOT NULL DEFAULT '',
  `table_name` varchar(64) NOT NULL DEFAULT '',
  `column_name` varchar(64) NOT NULL DEFAULT '',
  `comment` varchar(255) CHARACTER SET utf8 COLLATE utf8_general_ci NOT NULL DEFAULT '',
  `mimetype` varchar(255) CHARACTER SET utf8 COLLATE utf8_general_ci NOT NULL DEFAULT '',
  `transformation` varchar(255) NOT NULL DEFAULT '',
  `transformation_options` varchar(255) NOT NULL DEFAULT '',
  `input_transformation` varchar(255) NOT NULL DEFAULT '',
  `input_transformation_options` varchar(255) NOT NULL DEFAULT ''
) ENGINE=InnoDB DEFAULT CHARSET=utf8 COLLATE=utf8_bin COMMENT='Column information for phpMyAdmin';

-- --------------------------------------------------------

--
-- Table structure for table `pma__designer_settings`
--

CREATE TABLE `pma__designer_settings` (
  `username` varchar(64) NOT NULL,
  `settings_data` text NOT NULL
) ENGINE=InnoDB DEFAULT CHARSET=utf8 COLLATE=utf8_bin COMMENT='Settings related to Designer';

-- --------------------------------------------------------

--
-- Table structure for table `pma__export_templates`
--

CREATE TABLE `pma__export_templates` (
  `id` int(5) UNSIGNED NOT NULL,
  `username` varchar(64) NOT NULL,
  `export_type` varchar(10) NOT NULL,
  `template_name` varchar(64) NOT NULL,
  `template_data` text NOT NULL
) ENGINE=InnoDB DEFAULT CHARSET=utf8 COLLATE=utf8_bin COMMENT='Saved export templates';

--
-- Dumping data for table `pma__export_templates`
--

INSERT INTO `pma__export_templates` (`id`, `username`, `export_type`, `template_name`, `template_data`) VALUES
(1, 'root', 'database', 'ecom_store', '{\"quick_or_custom\":\"quick\",\"what\":\"sql\",\"structure_or_data_forced\":\"0\",\"table_select[]\":[\"admins\",\"cart\",\"categories\",\"customers\",\"customer_orders\",\"payments\",\"pending_orders\",\"products\",\"product_categories\",\"slider\"],\"table_structure[]\":[\"admins\",\"cart\",\"categories\",\"customers\",\"customer_orders\",\"payments\",\"pending_orders\",\"products\",\"product_categories\",\"slider\"],\"table_data[]\":[\"admins\",\"cart\",\"categories\",\"customers\",\"customer_orders\",\"payments\",\"pending_orders\",\"products\",\"product_categories\",\"slider\"],\"aliases_new\":\"\",\"output_format\":\"sendit\",\"filename_template\":\"@DATABASE@\",\"remember_template\":\"on\",\"charset\":\"utf-8\",\"compression\":\"none\",\"maxsize\":\"\",\"codegen_structure_or_data\":\"data\",\"codegen_format\":\"0\",\"csv_separator\":\",\",\"csv_enclosed\":\"\\\"\",\"csv_escaped\":\"\\\"\",\"csv_terminated\":\"AUTO\",\"csv_null\":\"NULL\",\"csv_columns\":\"something\",\"csv_structure_or_data\":\"data\",\"excel_null\":\"NULL\",\"excel_columns\":\"something\",\"excel_edition\":\"win\",\"excel_structure_or_data\":\"data\",\"json_structure_or_data\":\"data\",\"json_unicode\":\"something\",\"latex_caption\":\"something\",\"latex_structure_or_data\":\"structure_and_data\",\"latex_structure_caption\":\"Structure of table @TABLE@\",\"latex_structure_continued_caption\":\"Structure of table @TABLE@ (continued)\",\"latex_structure_label\":\"tab:@TABLE@-structure\",\"latex_relation\":\"something\",\"latex_comments\":\"something\",\"latex_mime\":\"something\",\"latex_columns\":\"something\",\"latex_data_caption\":\"Content of table @TABLE@\",\"latex_data_continued_caption\":\"Content of table @TABLE@ (continued)\",\"latex_data_label\":\"tab:@TABLE@-data\",\"latex_null\":\"\\\\textit{NULL}\",\"mediawiki_structure_or_data\":\"structure_and_data\",\"mediawiki_caption\":\"something\",\"mediawiki_headers\":\"something\",\"htmlword_structure_or_data\":\"structure_and_data\",\"htmlword_null\":\"NULL\",\"ods_null\":\"NULL\",\"ods_structure_or_data\":\"data\",\"odt_structure_or_data\":\"structure_and_data\",\"odt_relation\":\"something\",\"odt_comments\":\"something\",\"odt_mime\":\"something\",\"odt_columns\":\"something\",\"odt_null\":\"NULL\",\"pdf_report_title\":\"\",\"pdf_structure_or_data\":\"structure_and_data\",\"phparray_structure_or_data\":\"data\",\"sql_include_comments\":\"something\",\"sql_header_comment\":\"\",\"sql_use_transaction\":\"something\",\"sql_compatibility\":\"NONE\",\"sql_structure_or_data\":\"structure_and_data\",\"sql_create_table\":\"something\",\"sql_auto_increment\":\"something\",\"sql_create_view\":\"something\",\"sql_procedure_function\":\"something\",\"sql_create_trigger\":\"something\",\"sql_backquotes\":\"something\",\"sql_type\":\"INSERT\",\"sql_insert_syntax\":\"both\",\"sql_max_query_size\":\"50000\",\"sql_hex_for_binary\":\"something\",\"sql_utc_time\":\"something\",\"texytext_structure_or_data\":\"structure_and_data\",\"texytext_null\":\"NULL\",\"xml_structure_or_data\":\"data\",\"xml_export_events\":\"something\",\"xml_export_functions\":\"something\",\"xml_export_procedures\":\"something\",\"xml_export_tables\":\"something\",\"xml_export_triggers\":\"something\",\"xml_export_views\":\"something\",\"xml_export_contents\":\"something\",\"yaml_structure_or_data\":\"data\",\"\":null,\"lock_tables\":null,\"as_separate_files\":null,\"csv_removeCRLF\":null,\"excel_removeCRLF\":null,\"json_pretty_print\":null,\"htmlword_columns\":null,\"ods_columns\":null,\"sql_dates\":null,\"sql_relation\":null,\"sql_mime\":null,\"sql_disable_fk\":null,\"sql_views_as_tables\":null,\"sql_metadata\":null,\"sql_create_database\":null,\"sql_drop_table\":null,\"sql_if_not_exists\":null,\"sql_simple_view_export\":null,\"sql_view_current_user\":null,\"sql_or_replace_view\":null,\"sql_truncate\":null,\"sql_delayed\":null,\"sql_ignore\":null,\"texytext_columns\":null}');

-- --------------------------------------------------------

--
-- Table structure for table `pma__favorite`
--

CREATE TABLE `pma__favorite` (
  `username` varchar(64) NOT NULL,
  `tables` text NOT NULL
) ENGINE=InnoDB DEFAULT CHARSET=utf8 COLLATE=utf8_bin COMMENT='Favorite tables';

-- --------------------------------------------------------

--
-- Table structure for table `pma__history`
--

CREATE TABLE `pma__history` (
  `id` bigint(20) UNSIGNED NOT NULL,
  `username` varchar(64) NOT NULL DEFAULT '',
  `db` varchar(64) NOT NULL DEFAULT '',
  `table` varchar(64) NOT NULL DEFAULT '',
  `timevalue` timestamp NOT NULL DEFAULT current_timestamp(),
  `sqlquery` text NOT NULL
) ENGINE=InnoDB DEFAULT CHARSET=utf8 COLLATE=utf8_bin COMMENT='SQL history for phpMyAdmin';

-- --------------------------------------------------------

--
-- Table structure for table `pma__navigationhiding`
--

CREATE TABLE `pma__navigationhiding` (
  `username` varchar(64) NOT NULL,
  `item_name` varchar(64) NOT NULL,
  `item_type` varchar(64) NOT NULL,
  `db_name` varchar(64) NOT NULL,
  `table_name` varchar(64) NOT NULL
) ENGINE=InnoDB DEFAULT CHARSET=utf8 COLLATE=utf8_bin COMMENT='Hidden items of navigation tree';

-- --------------------------------------------------------

--
-- Table structure for table `pma__pdf_pages`
--

CREATE TABLE `pma__pdf_pages` (
  `db_name` varchar(64) NOT NULL DEFAULT '',
  `page_nr` int(10) UNSIGNED NOT NULL,
  `page_descr` varchar(50) CHARACTER SET utf8 COLLATE utf8_general_ci NOT NULL DEFAULT ''
) ENGINE=InnoDB DEFAULT CHARSET=utf8 COLLATE=utf8_bin COMMENT='PDF relation pages for phpMyAdmin';

-- --------------------------------------------------------

--
-- Table structure for table `pma__recent`
--

CREATE TABLE `pma__recent` (
  `username` varchar(64) NOT NULL,
  `tables` text NOT NULL
) ENGINE=InnoDB DEFAULT CHARSET=utf8 COLLATE=utf8_bin COMMENT='Recently accessed tables';

--
-- Dumping data for table `pma__recent`
--

INSERT INTO `pma__recent` (`username`, `tables`) VALUES
('root', '[{\"db\":\"new\",\"table\":\"posts\"},{\"db\":\"ecom_store\",\"table\":\"admins\"},{\"db\":\"ecom_store\",\"table\":\"products\"},{\"db\":\"ecommerce_1\",\"table\":\"card_details\"},{\"db\":\"ecommerce_1\",\"table\":\"admin_table\"},{\"db\":\"ecommerce_1\",\"table\":\"user_table\"},{\"db\":\"db\",\"table\":\"user_register\"},{\"db\":\"e_com\",\"table\":\"admins\"},{\"db\":\"laravel_online_shop\",\"table\":\"migrations\"},{\"db\":\"laravel_online_shop\",\"table\":\"personal_access_tokens\"}]');

-- --------------------------------------------------------

--
-- Table structure for table `pma__relation`
--

CREATE TABLE `pma__relation` (
  `master_db` varchar(64) NOT NULL DEFAULT '',
  `master_table` varchar(64) NOT NULL DEFAULT '',
  `master_field` varchar(64) NOT NULL DEFAULT '',
  `foreign_db` varchar(64) NOT NULL DEFAULT '',
  `foreign_table` varchar(64) NOT NULL DEFAULT '',
  `foreign_field` varchar(64) NOT NULL DEFAULT ''
) ENGINE=InnoDB DEFAULT CHARSET=utf8 COLLATE=utf8_bin COMMENT='Relation table';

-- --------------------------------------------------------

--
-- Table structure for table `pma__savedsearches`
--

CREATE TABLE `pma__savedsearches` (
  `id` int(5) UNSIGNED NOT NULL,
  `username` varchar(64) NOT NULL DEFAULT '',
  `db_name` varchar(64) NOT NULL DEFAULT '',
  `search_name` varchar(64) NOT NULL DEFAULT '',
  `search_data` text NOT NULL
) ENGINE=InnoDB DEFAULT CHARSET=utf8 COLLATE=utf8_bin COMMENT='Saved searches';

-- --------------------------------------------------------

--
-- Table structure for table `pma__table_coords`
--

CREATE TABLE `pma__table_coords` (
  `db_name` varchar(64) NOT NULL DEFAULT '',
  `table_name` varchar(64) NOT NULL DEFAULT '',
  `pdf_page_number` int(11) NOT NULL DEFAULT 0,
  `x` float UNSIGNED NOT NULL DEFAULT 0,
  `y` float UNSIGNED NOT NULL DEFAULT 0
) ENGINE=InnoDB DEFAULT CHARSET=utf8 COLLATE=utf8_bin COMMENT='Table coordinates for phpMyAdmin PDF output';

-- --------------------------------------------------------

--
-- Table structure for table `pma__table_info`
--

CREATE TABLE `pma__table_info` (
  `db_name` varchar(64) NOT NULL DEFAULT '',
  `table_name` varchar(64) NOT NULL DEFAULT '',
  `display_field` varchar(64) NOT NULL DEFAULT ''
) ENGINE=InnoDB DEFAULT CHARSET=utf8 COLLATE=utf8_bin COMMENT='Table information for phpMyAdmin';

-- --------------------------------------------------------

--
-- Table structure for table `pma__table_uiprefs`
--

CREATE TABLE `pma__table_uiprefs` (
  `username` varchar(64) NOT NULL,
  `db_name` varchar(64) NOT NULL,
  `table_name` varchar(64) NOT NULL,
  `prefs` text NOT NULL,
  `last_update` timestamp NOT NULL DEFAULT current_timestamp() ON UPDATE current_timestamp()
) ENGINE=InnoDB DEFAULT CHARSET=utf8 COLLATE=utf8_bin COMMENT='Tables'' UI preferences';

-- --------------------------------------------------------

--
-- Table structure for table `pma__tracking`
--

CREATE TABLE `pma__tracking` (
  `db_name` varchar(64) NOT NULL,
  `table_name` varchar(64) NOT NULL,
  `version` int(10) UNSIGNED NOT NULL,
  `date_created` datetime NOT NULL,
  `date_updated` datetime NOT NULL,
  `schema_snapshot` text NOT NULL,
  `schema_sql` text DEFAULT NULL,
  `data_sql` longtext DEFAULT NULL,
  `tracking` set('UPDATE','REPLACE','INSERT','DELETE','TRUNCATE','CREATE DATABASE','ALTER DATABASE','DROP DATABASE','CREATE TABLE','ALTER TABLE','RENAME TABLE','DROP TABLE','CREATE INDEX','DROP INDEX','CREATE VIEW','ALTER VIEW','DROP VIEW') DEFAULT NULL,
  `tracking_active` int(1) UNSIGNED NOT NULL DEFAULT 1
) ENGINE=InnoDB DEFAULT CHARSET=utf8 COLLATE=utf8_bin COMMENT='Database changes tracking for phpMyAdmin';

-- --------------------------------------------------------

--
-- Table structure for table `pma__userconfig`
--

CREATE TABLE `pma__userconfig` (
  `username` varchar(64) NOT NULL,
  `timevalue` timestamp NOT NULL DEFAULT current_timestamp() ON UPDATE current_timestamp(),
  `config_data` text NOT NULL
) ENGINE=InnoDB DEFAULT CHARSET=utf8 COLLATE=utf8_bin COMMENT='User preferences storage for phpMyAdmin';

--
-- Dumping data for table `pma__userconfig`
--

INSERT INTO `pma__userconfig` (`username`, `timevalue`, `config_data`) VALUES
('root', '2024-10-29 06:59:49', '{\"Console\\/Mode\":\"collapse\"}');

-- --------------------------------------------------------

--
-- Table structure for table `pma__usergroups`
--

CREATE TABLE `pma__usergroups` (
  `usergroup` varchar(64) NOT NULL,
  `tab` varchar(64) NOT NULL,
  `allowed` enum('Y','N') NOT NULL DEFAULT 'N'
) ENGINE=InnoDB DEFAULT CHARSET=utf8 COLLATE=utf8_bin COMMENT='User groups with configured menu items';

-- --------------------------------------------------------

--
-- Table structure for table `pma__users`
--

CREATE TABLE `pma__users` (
  `username` varchar(64) NOT NULL,
  `usergroup` varchar(64) NOT NULL
) ENGINE=InnoDB DEFAULT CHARSET=utf8 COLLATE=utf8_bin COMMENT='Users and their assignments to user groups';

--
-- Indexes for dumped tables
--

--
-- Indexes for table `pma__bookmark`
--
ALTER TABLE `pma__bookmark`
  ADD PRIMARY KEY (`id`);

--
-- Indexes for table `pma__central_columns`
--
ALTER TABLE `pma__central_columns`
  ADD PRIMARY KEY (`db_name`,`col_name`);

--
-- Indexes for table `pma__column_info`
--
ALTER TABLE `pma__column_info`
  ADD PRIMARY KEY (`id`),
  ADD UNIQUE KEY `db_name` (`db_name`,`table_name`,`column_name`);

--
-- Indexes for table `pma__designer_settings`
--
ALTER TABLE `pma__designer_settings`
  ADD PRIMARY KEY (`username`);

--
-- Indexes for table `pma__export_templates`
--
ALTER TABLE `pma__export_templates`
  ADD PRIMARY KEY (`id`),
  ADD UNIQUE KEY `u_user_type_template` (`username`,`export_type`,`template_name`);

--
-- Indexes for table `pma__favorite`
--
ALTER TABLE `pma__favorite`
  ADD PRIMARY KEY (`username`);

--
-- Indexes for table `pma__history`
--
ALTER TABLE `pma__history`
  ADD PRIMARY KEY (`id`),
  ADD KEY `username` (`username`,`db`,`table`,`timevalue`);

--
-- Indexes for table `pma__navigationhiding`
--
ALTER TABLE `pma__navigationhiding`
  ADD PRIMARY KEY (`username`,`item_name`,`item_type`,`db_name`,`table_name`);

--
-- Indexes for table `pma__pdf_pages`
--
ALTER TABLE `pma__pdf_pages`
  ADD PRIMARY KEY (`page_nr`),
  ADD KEY `db_name` (`db_name`);

--
-- Indexes for table `pma__recent`
--
ALTER TABLE `pma__recent`
  ADD PRIMARY KEY (`username`);

--
-- Indexes for table `pma__relation`
--
ALTER TABLE `pma__relation`
  ADD PRIMARY KEY (`master_db`,`master_table`,`master_field`),
  ADD KEY `foreign_field` (`foreign_db`,`foreign_table`);

--
-- Indexes for table `pma__savedsearches`
--
ALTER TABLE `pma__savedsearches`
  ADD PRIMARY KEY (`id`),
  ADD UNIQUE KEY `u_savedsearches_username_dbname` (`username`,`db_name`,`search_name`);

--
-- Indexes for table `pma__table_coords`
--
ALTER TABLE `pma__table_coords`
  ADD PRIMARY KEY (`db_name`,`table_name`,`pdf_page_number`);

--
-- Indexes for table `pma__table_info`
--
ALTER TABLE `pma__table_info`
  ADD PRIMARY KEY (`db_name`,`table_name`);

--
-- Indexes for table `pma__table_uiprefs`
--
ALTER TABLE `pma__table_uiprefs`
  ADD PRIMARY KEY (`username`,`db_name`,`table_name`);

--
-- Indexes for table `pma__tracking`
--
ALTER TABLE `pma__tracking`
  ADD PRIMARY KEY (`db_name`,`table_name`,`version`);

--
-- Indexes for table `pma__userconfig`
--
ALTER TABLE `pma__userconfig`
  ADD PRIMARY KEY (`username`);

--
-- Indexes for table `pma__usergroups`
--
ALTER TABLE `pma__usergroups`
  ADD PRIMARY KEY (`usergroup`,`tab`,`allowed`);

--
-- Indexes for table `pma__users`
--
ALTER TABLE `pma__users`
  ADD PRIMARY KEY (`username`,`usergroup`);

--
-- AUTO_INCREMENT for dumped tables
--

--
-- AUTO_INCREMENT for table `pma__bookmark`
--
ALTER TABLE `pma__bookmark`
  MODIFY `id` int(10) UNSIGNED NOT NULL AUTO_INCREMENT;

--
-- AUTO_INCREMENT for table `pma__column_info`
--
ALTER TABLE `pma__column_info`
  MODIFY `id` int(5) UNSIGNED NOT NULL AUTO_INCREMENT;

--
-- AUTO_INCREMENT for table `pma__export_templates`
--
ALTER TABLE `pma__export_templates`
  MODIFY `id` int(5) UNSIGNED NOT NULL AUTO_INCREMENT, AUTO_INCREMENT=2;

--
-- AUTO_INCREMENT for table `pma__history`
--
ALTER TABLE `pma__history`
  MODIFY `id` bigint(20) UNSIGNED NOT NULL AUTO_INCREMENT;

--
-- AUTO_INCREMENT for table `pma__pdf_pages`
--
ALTER TABLE `pma__pdf_pages`
  MODIFY `page_nr` int(10) UNSIGNED NOT NULL AUTO_INCREMENT;

--
-- AUTO_INCREMENT for table `pma__savedsearches`
--
ALTER TABLE `pma__savedsearches`
  MODIFY `id` int(5) UNSIGNED NOT NULL AUTO_INCREMENT;
COMMIT;

/*!40101 SET CHARACTER_SET_CLIENT=@OLD_CHARACTER_SET_CLIENT */;
/*!40101 SET CHARACTER_SET_RESULTS=@OLD_CHARACTER_SET_RESULTS */;
/*!40101 SET COLLATION_CONNECTION=@OLD_COLLATION_CONNECTION */;
